boroVScity,Age,Date ,Count
Bronx,All age groups,Jan-16,9113 
Bronx,All age groups,Feb-16,9608 
Bronx,All age groups,Mar-16,10402 
Bronx,All age groups,Apr-16,8119 
Bronx,All age groups,May-16,7413 
Bronx,All age groups,Jun-16,6547 
Bronx,All age groups,Jul-16,5824 
Bronx,All age groups,Aug-16,6079 
Bronx,All age groups,Sep-16,6945 
Bronx,All age groups,Oct-16,9284 
Bronx,All age groups,Nov-16,9676 
Bronx,All age groups,Dec-16,12240 
Bronx,All age groups,Jan-17,13447 
Bronx,All age groups,Feb-17,9229 
Bronx,All age groups,Mar-17,8379 
Bronx,All age groups,Apr-17,8398 
Bronx,All age groups,May-17,8942 
Bronx,All age groups,Jun-17,6953 
Bronx,All age groups,Jul-17,5565 
Bronx,All age groups,Aug-17,5866 
Bronx,All age groups,Sep-17,6907 
Bronx,All age groups,Oct-17,8674 
Bronx,All age groups,Nov-17,10127 
Bronx,All age groups,Dec-17,11312 
Bronx,All age groups,Jan-18,15150 
Bronx,All age groups,Feb-18,15814 
Bronx,All age groups,Mar-18,9499 
Bronx,All age groups,Apr-18,8298 
Bronx,All age groups,May-18,9618 
Bronx,All age groups,Jun-18,7304 
Bronx,All age groups,Jul-18,5982 
Bronx,All age groups,Aug-18,5943 
Bronx,All age groups,Sep-18,7793 
Bronx,All age groups,Oct-18,11117 
Bronx,All age groups,Nov-18,10703 
Bronx,All age groups,Dec-18,12128 
Bronx,All age groups,Jan-19,12099 
Bronx,All age groups,Feb-19,10330 
Bronx,All age groups,Mar-19,10324 
Bronx,All age groups,Apr-19,9246 
Bronx,All age groups,May-19,9246 
Bronx,All age groups,Jun-19,7445 
Bronx,All age groups,Jul-19,6134 
Bronx,All age groups,Aug-19,5002 
Bronx,All age groups,Sep-19,8193 
Bronx,All age groups,Oct-19,8982 
Bronx,All age groups,Nov-19,10476 
Bronx,All age groups,Dec-19,13924 
Bronx,All age groups,Jan-20,15860 
Bronx,All age groups,Feb-20,11849 
Bronx,All age groups,Mar-20,5544 
Bronx,Ages 0-4 years,Jan-16,2460 
Bronx,Ages 0-4 years,Feb-16,2046 
Bronx,Ages 0-4 years,Mar-16,1867 
Bronx,Ages 0-4 years,Apr-16,1564 
Bronx,Ages 0-4 years,May-16,1470 
Bronx,Ages 0-4 years,Jun-16,1394 
Bronx,Ages 0-4 years,Jul-16,1095 
Bronx,Ages 0-4 years,Aug-16,1047 
Bronx,Ages 0-4 years,Sep-16,1214 
Bronx,Ages 0-4 years,Oct-16,2121 
Bronx,Ages 0-4 years,Nov-16,2773 
Bronx,Ages 0-4 years,Dec-16,3389 
Bronx,Ages 0-4 years,Jan-17,2696 
Bronx,Ages 0-4 years,Feb-17,1831 
Bronx,Ages 0-4 years,Mar-17,1613 
Bronx,Ages 0-4 years,Apr-17,1559 
Bronx,Ages 0-4 years,May-17,1569 
Bronx,Ages 0-4 years,Jun-17,1281 
Bronx,Ages 0-4 years,Jul-17,968 
Bronx,Ages 0-4 years,Aug-17,907 
Bronx,Ages 0-4 years,Sep-17,1183 
Bronx,Ages 0-4 years,Oct-17,1994 
Bronx,Ages 0-4 years,Nov-17,2791 
Bronx,Ages 0-4 years,Dec-17,2850 
Bronx,Ages 0-4 years,Jan-18,2786 
Bronx,Ages 0-4 years,Feb-18,3053 
Bronx,Ages 0-4 years,Mar-18,1762 
Bronx,Ages 0-4 years,Apr-18,1562 
Bronx,Ages 0-4 years,May-18,1778 
Bronx,Ages 0-4 years,Jun-18,1358 
Bronx,Ages 0-4 years,Jul-18,811 
Bronx,Ages 0-4 years,Aug-18,800 
Bronx,Ages 0-4 years,Sep-18,1354 
Bronx,Ages 0-4 years,Oct-18,2467 
Bronx,Ages 0-4 years,Nov-18,2941 
Bronx,Ages 0-4 years,Dec-18,3094 
Bronx,Ages 0-4 years,Jan-19,2169 
Bronx,Ages 0-4 years,Feb-19,1801 
Bronx,Ages 0-4 years,Mar-19,1777 
Bronx,Ages 0-4 years,Apr-19,1755 
Bronx,Ages 0-4 years,May-19,1673 
Bronx,Ages 0-4 years,Jun-19,1209 
Bronx,Ages 0-4 years,Jul-19,894 
Bronx,Ages 0-4 years,Aug-19,821 
Bronx,Ages 0-4 years,Sep-19,1620 
Bronx,Ages 0-4 years,Oct-19,2085 
Bronx,Ages 0-4 years,Nov-19,3056 
Bronx,Ages 0-4 years,Dec-19,3478 
Bronx,Ages 0-4 years,Jan-20,2996 
Bronx,Ages 0-4 years,Feb-20,2255 
Bronx,Ages 0-4 years,Mar-20,934 
Bronx,Ages 5-17 years,Jan-16,1279 
Bronx,Ages 5-17 years,Feb-16,1491 
Bronx,Ages 5-17 years,Mar-16,1720 
Bronx,Ages 5-17 years,Apr-16,1302 
Bronx,Ages 5-17 years,May-16,1063 
Bronx,Ages 5-17 years,Jun-16,693 
Bronx,Ages 5-17 years,Jul-16,556 
Bronx,Ages 5-17 years,Aug-16,599 
Bronx,Ages 5-17 years,Sep-16,1071 
Bronx,Ages 5-17 years,Oct-16,1322 
Bronx,Ages 5-17 years,Nov-16,1403 
Bronx,Ages 5-17 years,Dec-16,2274 
Bronx,Ages 5-17 years,Jan-17,2699 
Bronx,Ages 5-17 years,Feb-17,1445 
Bronx,Ages 5-17 years,Mar-17,1185 
Bronx,Ages 5-17 years,Apr-17,1144 
Bronx,Ages 5-17 years,May-17,1477 
Bronx,Ages 5-17 years,Jun-17,698 
Bronx,Ages 5-17 years,Jul-17,420 
Bronx,Ages 5-17 years,Aug-17,428 
Bronx,Ages 5-17 years,Sep-17,812 
Bronx,Ages 5-17 years,Oct-17,1222 
Bronx,Ages 5-17 years,Nov-17,1564 
Bronx,Ages 5-17 years,Dec-17,1790 
Bronx,Ages 5-17 years,Jan-18,2470 
Bronx,Ages 5-17 years,Feb-18,3484 
Bronx,Ages 5-17 years,Mar-18,1408 
Bronx,Ages 5-17 years,Apr-18,965 
Bronx,Ages 5-17 years,May-18,1465 
Bronx,Ages 5-17 years,Jun-18,641 
Bronx,Ages 5-17 years,Jul-18,384 
Bronx,Ages 5-17 years,Aug-18,371 
Bronx,Ages 5-17 years,Sep-18,993 
Bronx,Ages 5-17 years,Oct-18,1598 
Bronx,Ages 5-17 years,Nov-18,1615 
Bronx,Ages 5-17 years,Dec-18,1921 
Bronx,Ages 5-17 years,Jan-19,1535 
Bronx,Ages 5-17 years,Feb-19,1552 
Bronx,Ages 5-17 years,Mar-19,1554 
Bronx,Ages 5-17 years,Apr-19,1250 
Bronx,Ages 5-17 years,May-19,1220 
Bronx,Ages 5-17 years,Jun-19,679 
Bronx,Ages 5-17 years,Jul-19,454 
Bronx,Ages 5-17 years,Aug-19,364 
Bronx,Ages 5-17 years,Sep-19,1039 
Bronx,Ages 5-17 years,Oct-19,997 
Bronx,Ages 5-17 years,Nov-19,1462 
Bronx,Ages 5-17 years,Dec-19,2301 
Bronx,Ages 5-17 years,Jan-20,2712 
Bronx,Ages 5-17 years,Feb-20,1882 
Bronx,Ages 5-17 years,Mar-20,886 
Bronx,Ages 18-64 years,Jan-16,4112 
Bronx,Ages 18-64 years,Feb-16,4799 
Bronx,Ages 18-64 years,Mar-16,5413 
Bronx,Ages 18-64 years,Apr-16,4022 
Bronx,Ages 18-64 years,May-16,3669 
Bronx,Ages 18-64 years,Jun-16,3193 
Bronx,Ages 18-64 years,Jul-16,2990 
Bronx,Ages 18-64 years,Aug-16,3294 
Bronx,Ages 18-64 years,Sep-16,3509 
Bronx,Ages 18-64 years,Oct-16,4441 
Bronx,Ages 18-64 years,Nov-16,4115 
Bronx,Ages 18-64 years,Dec-16,4980 
Bronx,Ages 18-64 years,Jan-17,6071 
Bronx,Ages 18-64 years,Feb-17,4375 
Bronx,Ages 18-64 years,Mar-17,4192 
Bronx,Ages 18-64 years,Apr-17,4126 
Bronx,Ages 18-64 years,May-17,4399 
Bronx,Ages 18-64 years,Jun-17,3602 
Bronx,Ages 18-64 years,Jul-17,2979 
Bronx,Ages 18-64 years,Aug-17,3345 
Bronx,Ages 18-64 years,Sep-17,3606 
Bronx,Ages 18-64 years,Oct-17,4041 
Bronx,Ages 18-64 years,Nov-17,4389 
Bronx,Ages 18-64 years,Dec-17,4880 
Bronx,Ages 18-64 years,Jan-18,7489 
Bronx,Ages 18-64 years,Feb-18,7020 
Bronx,Ages 18-64 years,Mar-18,4635 
Bronx,Ages 18-64 years,Apr-18,4174 
Bronx,Ages 18-64 years,May-18,4683 
Bronx,Ages 18-64 years,Jun-18,3817 
Bronx,Ages 18-64 years,Jul-18,3423 
Bronx,Ages 18-64 years,Aug-18,3434 
Bronx,Ages 18-64 years,Sep-18,3954 
Bronx,Ages 18-64 years,Oct-18,5250 
Bronx,Ages 18-64 years,Nov-18,4590 
Bronx,Ages 18-64 years,Dec-18,5332 
Bronx,Ages 18-64 years,Jan-19,6321 
Bronx,Ages 18-64 years,Feb-19,5195 
Bronx,Ages 18-64 years,Mar-19,5066 
Bronx,Ages 18-64 years,Apr-19,4390 
Bronx,Ages 18-64 years,May-19,4594 
Bronx,Ages 18-64 years,Jun-19,3917 
Bronx,Ages 18-64 years,Jul-19,3300 
Bronx,Ages 18-64 years,Aug-19,2660 
Bronx,Ages 18-64 years,Sep-19,4004 
Bronx,Ages 18-64 years,Oct-19,4241 
Bronx,Ages 18-64 years,Nov-19,4358 
Bronx,Ages 18-64 years,Dec-19,6209 
Bronx,Ages 18-64 years,Jan-20,7880 
Bronx,Ages 18-64 years,Feb-20,5951 
Bronx,Ages 18-64 years,Mar-20,2963 
Bronx,Ages 65+ years,Jan-16,1262 
Bronx,Ages 65+ years,Feb-16,1272 
Bronx,Ages 65+ years,Mar-16,1402 
Bronx,Ages 65+ years,Apr-16,1231 
Bronx,Ages 65+ years,May-16,1211 
Bronx,Ages 65+ years,Jun-16,1267 
Bronx,Ages 65+ years,Jul-16,1183 
Bronx,Ages 65+ years,Aug-16,1139 
Bronx,Ages 65+ years,Sep-16,1151 
Bronx,Ages 65+ years,Oct-16,1400 
Bronx,Ages 65+ years,Nov-16,1385 
Bronx,Ages 65+ years,Dec-16,1597 
Bronx,Ages 65+ years,Jan-17,1981 
Bronx,Ages 65+ years,Feb-17,1578 
Bronx,Ages 65+ years,Mar-17,1389 
Bronx,Ages 65+ years,Apr-17,1569 
Bronx,Ages 65+ years,May-17,1497 
Bronx,Ages 65+ years,Jun-17,1372 
Bronx,Ages 65+ years,Jul-17,1198 
Bronx,Ages 65+ years,Aug-17,1186 
Bronx,Ages 65+ years,Sep-17,1306 
Bronx,Ages 65+ years,Oct-17,1417 
Bronx,Ages 65+ years,Nov-17,1383 
Bronx,Ages 65+ years,Dec-17,1792 
Bronx,Ages 65+ years,Jan-18,2405 
Bronx,Ages 65+ years,Feb-18,2257 
Bronx,Ages 65+ years,Mar-18,1694 
Bronx,Ages 65+ years,Apr-18,1597 
Bronx,Ages 65+ years,May-18,1692 
Bronx,Ages 65+ years,Jun-18,1488 
Bronx,Ages 65+ years,Jul-18,1364 
Bronx,Ages 65+ years,Aug-18,1338 
Bronx,Ages 65+ years,Sep-18,1492 
Bronx,Ages 65+ years,Oct-18,1802 
Bronx,Ages 65+ years,Nov-18,1557 
Bronx,Ages 65+ years,Dec-18,1781 
Bronx,Ages 65+ years,Jan-19,2074 
Bronx,Ages 65+ years,Feb-19,1782 
Bronx,Ages 65+ years,Mar-19,1927 
Bronx,Ages 65+ years,Apr-19,1851 
Bronx,Ages 65+ years,May-19,1759 
Bronx,Ages 65+ years,Jun-19,1640 
Bronx,Ages 65+ years,Jul-19,1486 
Bronx,Ages 65+ years,Aug-19,1157 
Bronx,Ages 65+ years,Sep-19,1530 
Bronx,Ages 65+ years,Oct-19,1659 
Bronx,Ages 65+ years,Nov-19,1600 
Bronx,Ages 65+ years,Dec-19,1936 
Bronx,Ages 65+ years,Jan-20,2272 
Bronx,Ages 65+ years,Feb-20,1761 
Bronx,Ages 65+ years,Mar-20,761 
Brooklyn,All age groups,Jan-16,10667 
Brooklyn,All age groups,Feb-16,11478 
Brooklyn,All age groups,Mar-16,12244 
Brooklyn,All age groups,Apr-16,9989 
Brooklyn,All age groups,May-16,10562 
Brooklyn,All age groups,Jun-16,9377 
Brooklyn,All age groups,Jul-16,8520 
Brooklyn,All age groups,Aug-16,8614 
Brooklyn,All age groups,Sep-16,9464 
Brooklyn,All age groups,Oct-16,11694 
Brooklyn,All age groups,Nov-16,12164 
Brooklyn,All age groups,Dec-16,15680 
Brooklyn,All age groups,Jan-17,16399 
Brooklyn,All age groups,Feb-17,12428 
Brooklyn,All age groups,Mar-17,11887 
Brooklyn,All age groups,Apr-17,11724 
Brooklyn,All age groups,May-17,12149 
Brooklyn,All age groups,Jun-17,9998 
Brooklyn,All age groups,Jul-17,8761 
Brooklyn,All age groups,Aug-17,9044 
Brooklyn,All age groups,Sep-17,10443 
Brooklyn,All age groups,Oct-17,11323 
Brooklyn,All age groups,Nov-17,12657 
Brooklyn,All age groups,Dec-17,14354 
Brooklyn,All age groups,Jan-18,17991 
Brooklyn,All age groups,Feb-18,16593 
Brooklyn,All age groups,Mar-18,10594 
Brooklyn,All age groups,Apr-18,9371 
Brooklyn,All age groups,May-18,10403 
Brooklyn,All age groups,Jun-18,8259 
Brooklyn,All age groups,Jul-18,6803 
Brooklyn,All age groups,Aug-18,6931 
Brooklyn,All age groups,Sep-18,8603 
Brooklyn,All age groups,Oct-18,11393 
Brooklyn,All age groups,Nov-18,10849 
Brooklyn,All age groups,Dec-18,13129 
Brooklyn,All age groups,Jan-19,13286 
Brooklyn,All age groups,Feb-19,11379 
Brooklyn,All age groups,Mar-19,10646 
Brooklyn,All age groups,Apr-19,9940 
Brooklyn,All age groups,May-19,10039 
Brooklyn,All age groups,Jun-19,8456 
Brooklyn,All age groups,Jul-19,6511 
Brooklyn,All age groups,Aug-19,5224 
Brooklyn,All age groups,Sep-19,8486 
Brooklyn,All age groups,Oct-19,8807 
Brooklyn,All age groups,Nov-19,10053 
Brooklyn,All age groups,Dec-19,14077 
Brooklyn,All age groups,Jan-20,16411 
Brooklyn,All age groups,Feb-20,12537 
Brooklyn,All age groups,Mar-20,5840 
Brooklyn,Ages 0-4 years,Jan-16,2395 
Brooklyn,Ages 0-4 years,Feb-16,2095 
Brooklyn,Ages 0-4 years,Mar-16,2128 
Brooklyn,Ages 0-4 years,Apr-16,1607 
Brooklyn,Ages 0-4 years,May-16,1476 
Brooklyn,Ages 0-4 years,Jun-16,1249 
Brooklyn,Ages 0-4 years,Jul-16,1119 
Brooklyn,Ages 0-4 years,Aug-16,976 
Brooklyn,Ages 0-4 years,Sep-16,1152 
Brooklyn,Ages 0-4 years,Oct-16,1773 
Brooklyn,Ages 0-4 years,Nov-16,2389 
Brooklyn,Ages 0-4 years,Dec-16,3270 
Brooklyn,Ages 0-4 years,Jan-17,2444 
Brooklyn,Ages 0-4 years,Feb-17,1865 
Brooklyn,Ages 0-4 years,Mar-17,1654 
Brooklyn,Ages 0-4 years,Apr-17,1642 
Brooklyn,Ages 0-4 years,May-17,1614 
Brooklyn,Ages 0-4 years,Jun-17,1267 
Brooklyn,Ages 0-4 years,Jul-17,1039 
Brooklyn,Ages 0-4 years,Aug-17,999 
Brooklyn,Ages 0-4 years,Sep-17,1310 
Brooklyn,Ages 0-4 years,Oct-17,1782 
Brooklyn,Ages 0-4 years,Nov-17,2518 
Brooklyn,Ages 0-4 years,Dec-17,2804 
Brooklyn,Ages 0-4 years,Jan-18,2884 
Brooklyn,Ages 0-4 years,Feb-18,2907 
Brooklyn,Ages 0-4 years,Mar-18,1864 
Brooklyn,Ages 0-4 years,Apr-18,1417 
Brooklyn,Ages 0-4 years,May-18,1638 
Brooklyn,Ages 0-4 years,Jun-18,1125 
Brooklyn,Ages 0-4 years,Jul-18,849 
Brooklyn,Ages 0-4 years,Aug-18,852 
Brooklyn,Ages 0-4 years,Sep-18,1318 
Brooklyn,Ages 0-4 years,Oct-18,2076 
Brooklyn,Ages 0-4 years,Nov-18,2557 
Brooklyn,Ages 0-4 years,Dec-18,3082 
Brooklyn,Ages 0-4 years,Jan-19,2272 
Brooklyn,Ages 0-4 years,Feb-19,1801 
Brooklyn,Ages 0-4 years,Mar-19,1606 
Brooklyn,Ages 0-4 years,Apr-19,1539 
Brooklyn,Ages 0-4 years,May-19,1566 
Brooklyn,Ages 0-4 years,Jun-19,1326 
Brooklyn,Ages 0-4 years,Jul-19,802 
Brooklyn,Ages 0-4 years,Aug-19,622 
Brooklyn,Ages 0-4 years,Sep-19,1419 
Brooklyn,Ages 0-4 years,Oct-19,1460 
Brooklyn,Ages 0-4 years,Nov-19,2364 
Brooklyn,Ages 0-4 years,Dec-19,3233 
Brooklyn,Ages 0-4 years,Jan-20,2620 
Brooklyn,Ages 0-4 years,Feb-20,1982 
Brooklyn,Ages 0-4 years,Mar-20,797 
Brooklyn,Ages 5-17 years,Jan-16,1299 
Brooklyn,Ages 5-17 years,Feb-16,1410 
Brooklyn,Ages 5-17 years,Mar-16,1865 
Brooklyn,Ages 5-17 years,Apr-16,1478 
Brooklyn,Ages 5-17 years,May-16,1136 
Brooklyn,Ages 5-17 years,Jun-16,821 
Brooklyn,Ages 5-17 years,Jul-16,685 
Brooklyn,Ages 5-17 years,Aug-16,597 
Brooklyn,Ages 5-17 years,Sep-16,1024 
Brooklyn,Ages 5-17 years,Oct-16,1392 
Brooklyn,Ages 5-17 years,Nov-16,1565 
Brooklyn,Ages 5-17 years,Dec-16,2507 
Brooklyn,Ages 5-17 years,Jan-17,2317 
Brooklyn,Ages 5-17 years,Feb-17,1660 
Brooklyn,Ages 5-17 years,Mar-17,1422 
Brooklyn,Ages 5-17 years,Apr-17,1348 
Brooklyn,Ages 5-17 years,May-17,1562 
Brooklyn,Ages 5-17 years,Jun-17,850 
Brooklyn,Ages 5-17 years,Jul-17,554 
Brooklyn,Ages 5-17 years,Aug-17,502 
Brooklyn,Ages 5-17 years,Sep-17,974 
Brooklyn,Ages 5-17 years,Oct-17,1185 
Brooklyn,Ages 5-17 years,Nov-17,1469 
Brooklyn,Ages 5-17 years,Dec-17,1829 
Brooklyn,Ages 5-17 years,Jan-18,2395 
Brooklyn,Ages 5-17 years,Feb-18,3218 
Brooklyn,Ages 5-17 years,Mar-18,1392 
Brooklyn,Ages 5-17 years,Apr-18,1002 
Brooklyn,Ages 5-17 years,May-18,1449 
Brooklyn,Ages 5-17 years,Jun-18,678 
Brooklyn,Ages 5-17 years,Jul-18,409 
Brooklyn,Ages 5-17 years,Aug-18,478 
Brooklyn,Ages 5-17 years,Sep-18,1022 
Brooklyn,Ages 5-17 years,Oct-18,1506 
Brooklyn,Ages 5-17 years,Nov-18,1479 
Brooklyn,Ages 5-17 years,Dec-18,1860 
Brooklyn,Ages 5-17 years,Jan-19,1774 
Brooklyn,Ages 5-17 years,Feb-19,1637 
Brooklyn,Ages 5-17 years,Mar-19,1308 
Brooklyn,Ages 5-17 years,Apr-19,1176 
Brooklyn,Ages 5-17 years,May-19,1237 
Brooklyn,Ages 5-17 years,Jun-19,752 
Brooklyn,Ages 5-17 years,Jul-19,426 
Brooklyn,Ages 5-17 years,Aug-19,278 
Brooklyn,Ages 5-17 years,Sep-19,885 
Brooklyn,Ages 5-17 years,Oct-19,792 
Brooklyn,Ages 5-17 years,Nov-19,1200 
Brooklyn,Ages 5-17 years,Dec-19,1873 
Brooklyn,Ages 5-17 years,Jan-20,2396 
Brooklyn,Ages 5-17 years,Feb-20,1793 
Brooklyn,Ages 5-17 years,Mar-20,805 
Brooklyn,Ages 18-64 years,Jan-16,4809 
Brooklyn,Ages 18-64 years,Feb-16,5745 
Brooklyn,Ages 18-64 years,Mar-16,5820 
Brooklyn,Ages 18-64 years,Apr-16,4853 
Brooklyn,Ages 18-64 years,May-16,5400 
Brooklyn,Ages 18-64 years,Jun-16,5014 
Brooklyn,Ages 18-64 years,Jul-16,4594 
Brooklyn,Ages 18-64 years,Aug-16,4911 
Brooklyn,Ages 18-64 years,Sep-16,5064 
Brooklyn,Ages 18-64 years,Oct-16,5894 
Brooklyn,Ages 18-64 years,Nov-16,5664 
Brooklyn,Ages 18-64 years,Dec-16,6857 
Brooklyn,Ages 18-64 years,Jan-17,8048 
Brooklyn,Ages 18-64 years,Feb-17,6138 
Brooklyn,Ages 18-64 years,Mar-17,6078 
Brooklyn,Ages 18-64 years,Apr-17,5884 
Brooklyn,Ages 18-64 years,May-17,6109 
Brooklyn,Ages 18-64 years,Jun-17,5295 
Brooklyn,Ages 18-64 years,Jul-17,4847 
Brooklyn,Ages 18-64 years,Aug-17,5170 
Brooklyn,Ages 18-64 years,Sep-17,5698 
Brooklyn,Ages 18-64 years,Oct-17,5725 
Brooklyn,Ages 18-64 years,Nov-17,6152 
Brooklyn,Ages 18-64 years,Dec-17,6756 
Brooklyn,Ages 18-64 years,Jan-18,8911 
Brooklyn,Ages 18-64 years,Feb-18,7466 
Brooklyn,Ages 18-64 years,Mar-18,4906 
Brooklyn,Ages 18-64 years,Apr-18,4586 
Brooklyn,Ages 18-64 years,May-18,4878 
Brooklyn,Ages 18-64 years,Jun-18,4360 
Brooklyn,Ages 18-64 years,Jul-18,3557 
Brooklyn,Ages 18-64 years,Aug-18,3633 
Brooklyn,Ages 18-64 years,Sep-18,4160 
Brooklyn,Ages 18-64 years,Oct-18,5215 
Brooklyn,Ages 18-64 years,Nov-18,4552 
Brooklyn,Ages 18-64 years,Dec-18,5573 
Brooklyn,Ages 18-64 years,Jan-19,6312 
Brooklyn,Ages 18-64 years,Feb-19,5321 
Brooklyn,Ages 18-64 years,Mar-19,5063 
Brooklyn,Ages 18-64 years,Apr-19,4624 
Brooklyn,Ages 18-64 years,May-19,4663 
Brooklyn,Ages 18-64 years,Jun-19,3989 
Brooklyn,Ages 18-64 years,Jul-19,3324 
Brooklyn,Ages 18-64 years,Aug-19,2717 
Brooklyn,Ages 18-64 years,Sep-19,4068 
Brooklyn,Ages 18-64 years,Oct-19,4215 
Brooklyn,Ages 18-64 years,Nov-19,4308 
Brooklyn,Ages 18-64 years,Dec-19,6235 
Brooklyn,Ages 18-64 years,Jan-20,8068 
Brooklyn,Ages 18-64 years,Feb-20,6192 
Brooklyn,Ages 18-64 years,Mar-20,3154 
Brooklyn,Ages 65+ years,Jan-16,2164 
Brooklyn,Ages 65+ years,Feb-16,2228 
Brooklyn,Ages 65+ years,Mar-16,2431 
Brooklyn,Ages 65+ years,Apr-16,2051 
Brooklyn,Ages 65+ years,May-16,2550 
Brooklyn,Ages 65+ years,Jun-16,2293 
Brooklyn,Ages 65+ years,Jul-16,2122 
Brooklyn,Ages 65+ years,Aug-16,2130 
Brooklyn,Ages 65+ years,Sep-16,2224 
Brooklyn,Ages 65+ years,Oct-16,2635 
Brooklyn,Ages 65+ years,Nov-16,2546 
Brooklyn,Ages 65+ years,Dec-16,3046 
Brooklyn,Ages 65+ years,Jan-17,3590 
Brooklyn,Ages 65+ years,Feb-17,2765 
Brooklyn,Ages 65+ years,Mar-17,2733 
Brooklyn,Ages 65+ years,Apr-17,2850 
Brooklyn,Ages 65+ years,May-17,2864 
Brooklyn,Ages 65+ years,Jun-17,2586 
Brooklyn,Ages 65+ years,Jul-17,2321 
Brooklyn,Ages 65+ years,Aug-17,2373 
Brooklyn,Ages 65+ years,Sep-17,2461 
Brooklyn,Ages 65+ years,Oct-17,2631 
Brooklyn,Ages 65+ years,Nov-17,2518 
Brooklyn,Ages 65+ years,Dec-17,2965 
Brooklyn,Ages 65+ years,Jan-18,3801 
Brooklyn,Ages 65+ years,Feb-18,3002 
Brooklyn,Ages 65+ years,Mar-18,2432 
Brooklyn,Ages 65+ years,Apr-18,2366 
Brooklyn,Ages 65+ years,May-18,2438 
Brooklyn,Ages 65+ years,Jun-18,2096 
Brooklyn,Ages 65+ years,Jul-18,1988 
Brooklyn,Ages 65+ years,Aug-18,1968 
Brooklyn,Ages 65+ years,Sep-18,2103 
Brooklyn,Ages 65+ years,Oct-18,2596 
Brooklyn,Ages 65+ years,Nov-18,2261 
Brooklyn,Ages 65+ years,Dec-18,2614 
Brooklyn,Ages 65+ years,Jan-19,2928 
Brooklyn,Ages 65+ years,Feb-19,2620 
Brooklyn,Ages 65+ years,Mar-19,2669 
Brooklyn,Ages 65+ years,Apr-19,2601 
Brooklyn,Ages 65+ years,May-19,2573 
Brooklyn,Ages 65+ years,Jun-19,2389 
Brooklyn,Ages 65+ years,Jul-19,1959 
Brooklyn,Ages 65+ years,Aug-19,1607 
Brooklyn,Ages 65+ years,Sep-19,2114 
Brooklyn,Ages 65+ years,Oct-19,2340 
Brooklyn,Ages 65+ years,Nov-19,2181 
Brooklyn,Ages 65+ years,Dec-19,2736 
Brooklyn,Ages 65+ years,Jan-20,3327 
Brooklyn,Ages 65+ years,Feb-20,2570 
Brooklyn,Ages 65+ years,Mar-20,1084 
Manhattan,All age groups,Jan-16,6646 
Manhattan,All age groups,Feb-16,7103 
Manhattan,All age groups,Mar-16,7711 
Manhattan,All age groups,Apr-16,5974 
Manhattan,All age groups,May-16,5748 
Manhattan,All age groups,Jun-16,4794 
Manhattan,All age groups,Jul-16,4454 
Manhattan,All age groups,Aug-16,4591 
Manhattan,All age groups,Sep-16,4711 
Manhattan,All age groups,Oct-16,5869 
Manhattan,All age groups,Nov-16,5953 
Manhattan,All age groups,Dec-16,7466 
Manhattan,All age groups,Jan-17,8380 
Manhattan,All age groups,Feb-17,6248 
Manhattan,All age groups,Mar-17,5843 
Manhattan,All age groups,Apr-17,5914 
Manhattan,All age groups,May-17,6065 
Manhattan,All age groups,Jun-17,5002 
Manhattan,All age groups,Jul-17,4230 
Manhattan,All age groups,Aug-17,4340 
Manhattan,All age groups,Sep-17,5001 
Manhattan,All age groups,Oct-17,5478 
Manhattan,All age groups,Nov-17,6268 
Manhattan,All age groups,Dec-17,6971 
Manhattan,All age groups,Jan-18,9164 
Manhattan,All age groups,Feb-18,8233 
Manhattan,All age groups,Mar-18,5835 
Manhattan,All age groups,Apr-18,5277 
Manhattan,All age groups,May-18,5596 
Manhattan,All age groups,Jun-18,4671 
Manhattan,All age groups,Jul-18,4123 
Manhattan,All age groups,Aug-18,4150 
Manhattan,All age groups,Sep-18,4950 
Manhattan,All age groups,Oct-18,6781 
Manhattan,All age groups,Nov-18,5912 
Manhattan,All age groups,Dec-18,7010 
Manhattan,All age groups,Jan-19,7066 
Manhattan,All age groups,Feb-19,6281 
Manhattan,All age groups,Mar-19,5971 
Manhattan,All age groups,Apr-19,5582 
Manhattan,All age groups,May-19,5727 
Manhattan,All age groups,Jun-19,4670 
Manhattan,All age groups,Jul-19,4024 
Manhattan,All age groups,Aug-19,3353 
Manhattan,All age groups,Sep-19,5127 
Manhattan,All age groups,Oct-19,5625 
Manhattan,All age groups,Nov-19,6174 
Manhattan,All age groups,Dec-19,8358 
Manhattan,All age groups,Jan-20,9367 
Manhattan,All age groups,Feb-20,7047 
Manhattan,All age groups,Mar-20,3725 
Manhattan,Ages 0-4 years,Jan-16,1343 
Manhattan,Ages 0-4 years,Feb-16,1093 
Manhattan,Ages 0-4 years,Mar-16,1094 
Manhattan,Ages 0-4 years,Apr-16,840 
Manhattan,Ages 0-4 years,May-16,807 
Manhattan,Ages 0-4 years,Jun-16,685 
Manhattan,Ages 0-4 years,Jul-16,512 
Manhattan,Ages 0-4 years,Aug-16,582 
Manhattan,Ages 0-4 years,Sep-16,551 
Manhattan,Ages 0-4 years,Oct-16,818 
Manhattan,Ages 0-4 years,Nov-16,1139 
Manhattan,Ages 0-4 years,Dec-16,1524 
Manhattan,Ages 0-4 years,Jan-17,1232 
Manhattan,Ages 0-4 years,Feb-17,815 
Manhattan,Ages 0-4 years,Mar-17,775 
Manhattan,Ages 0-4 years,Apr-17,800 
Manhattan,Ages 0-4 years,May-17,735 
Manhattan,Ages 0-4 years,Jun-17,536 
Manhattan,Ages 0-4 years,Jul-17,453 
Manhattan,Ages 0-4 years,Aug-17,452 
Manhattan,Ages 0-4 years,Sep-17,590 
Manhattan,Ages 0-4 years,Oct-17,751 
Manhattan,Ages 0-4 years,Nov-17,1168 
Manhattan,Ages 0-4 years,Dec-17,1228 
Manhattan,Ages 0-4 years,Jan-18,1141 
Manhattan,Ages 0-4 years,Feb-18,1159 
Manhattan,Ages 0-4 years,Mar-18,737 
Manhattan,Ages 0-4 years,Apr-18,654 
Manhattan,Ages 0-4 years,May-18,666 
Manhattan,Ages 0-4 years,Jun-18,478 
Manhattan,Ages 0-4 years,Jul-18,309 
Manhattan,Ages 0-4 years,Aug-18,334 
Manhattan,Ages 0-4 years,Sep-18,531 
Manhattan,Ages 0-4 years,Oct-18,969 
Manhattan,Ages 0-4 years,Nov-18,1063 
Manhattan,Ages 0-4 years,Dec-18,1247 
Manhattan,Ages 0-4 years,Jan-19,888 
Manhattan,Ages 0-4 years,Feb-19,706 
Manhattan,Ages 0-4 years,Mar-19,701 
Manhattan,Ages 0-4 years,Apr-19,712 
Manhattan,Ages 0-4 years,May-19,700 
Manhattan,Ages 0-4 years,Jun-19,540 
Manhattan,Ages 0-4 years,Jul-19,424 
Manhattan,Ages 0-4 years,Aug-19,329 
Manhattan,Ages 0-4 years,Sep-19,694 
Manhattan,Ages 0-4 years,Oct-19,799 
Manhattan,Ages 0-4 years,Nov-19,1146 
Manhattan,Ages 0-4 years,Dec-19,1552 
Manhattan,Ages 0-4 years,Jan-20,1239 
Manhattan,Ages 0-4 years,Feb-20,891 
Manhattan,Ages 0-4 years,Mar-20,386 
Manhattan,Ages 5-17 years,Jan-16,675 
Manhattan,Ages 5-17 years,Feb-16,804 
Manhattan,Ages 5-17 years,Mar-16,1063 
Manhattan,Ages 5-17 years,Apr-16,741 
Manhattan,Ages 5-17 years,May-16,584 
Manhattan,Ages 5-17 years,Jun-16,409 
Manhattan,Ages 5-17 years,Jul-16,302 
Manhattan,Ages 5-17 years,Aug-16,312 
Manhattan,Ages 5-17 years,Sep-16,459 
Manhattan,Ages 5-17 years,Oct-16,590 
Manhattan,Ages 5-17 years,Nov-16,645 
Manhattan,Ages 5-17 years,Dec-16,1048 
Manhattan,Ages 5-17 years,Jan-17,1159 
Manhattan,Ages 5-17 years,Feb-17,783 
Manhattan,Ages 5-17 years,Mar-17,629 
Manhattan,Ages 5-17 years,Apr-17,536 
Manhattan,Ages 5-17 years,May-17,710 
Manhattan,Ages 5-17 years,Jun-17,359 
Manhattan,Ages 5-17 years,Jul-17,187 
Manhattan,Ages 5-17 years,Aug-17,211 
Manhattan,Ages 5-17 years,Sep-17,404 
Manhattan,Ages 5-17 years,Oct-17,498 
Manhattan,Ages 5-17 years,Nov-17,704 
Manhattan,Ages 5-17 years,Dec-17,809 
Manhattan,Ages 5-17 years,Jan-18,1021 
Manhattan,Ages 5-17 years,Feb-18,1359 
Manhattan,Ages 5-17 years,Mar-18,598 
Manhattan,Ages 5-17 years,Apr-18,435 
Manhattan,Ages 5-17 years,May-18,642 
Manhattan,Ages 5-17 years,Jun-18,260 
Manhattan,Ages 5-17 years,Jul-18,165 
Manhattan,Ages 5-17 years,Aug-18,177 
Manhattan,Ages 5-17 years,Sep-18,422 
Manhattan,Ages 5-17 years,Oct-18,676 
Manhattan,Ages 5-17 years,Nov-18,675 
Manhattan,Ages 5-17 years,Dec-18,799 
Manhattan,Ages 5-17 years,Jan-19,709 
Manhattan,Ages 5-17 years,Feb-19,702 
Manhattan,Ages 5-17 years,Mar-19,546 
Manhattan,Ages 5-17 years,Apr-19,525 
Manhattan,Ages 5-17 years,May-19,553 
Manhattan,Ages 5-17 years,Jun-19,309 
Manhattan,Ages 5-17 years,Jul-19,190 
Manhattan,Ages 5-17 years,Aug-19,128 
Manhattan,Ages 5-17 years,Sep-19,455 
Manhattan,Ages 5-17 years,Oct-19,464 
Manhattan,Ages 5-17 years,Nov-19,657 
Manhattan,Ages 5-17 years,Dec-19,1004 
Manhattan,Ages 5-17 years,Jan-20,1090 
Manhattan,Ages 5-17 years,Feb-20,736 
Manhattan,Ages 5-17 years,Mar-20,371 
Manhattan,Ages 18-64 years,Jan-16,3052 
Manhattan,Ages 18-64 years,Feb-16,3636 
Manhattan,Ages 18-64 years,Mar-16,3828 
Manhattan,Ages 18-64 years,Apr-16,2855 
Manhattan,Ages 18-64 years,May-16,2751 
Manhattan,Ages 18-64 years,Jun-16,2356 
Manhattan,Ages 18-64 years,Jul-16,2289 
Manhattan,Ages 18-64 years,Aug-16,2470 
Manhattan,Ages 18-64 years,Sep-16,2424 
Manhattan,Ages 18-64 years,Oct-16,2840 
Manhattan,Ages 18-64 years,Nov-16,2640 
Manhattan,Ages 18-64 years,Dec-16,3123 
Manhattan,Ages 18-64 years,Jan-17,3788 
Manhattan,Ages 18-64 years,Feb-17,2869 
Manhattan,Ages 18-64 years,Mar-17,2803 
Manhattan,Ages 18-64 years,Apr-17,2883 
Manhattan,Ages 18-64 years,May-17,2861 
Manhattan,Ages 18-64 years,Jun-17,2517 
Manhattan,Ages 18-64 years,Jul-17,2192 
Manhattan,Ages 18-64 years,Aug-17,2297 
Manhattan,Ages 18-64 years,Sep-17,2516 
Manhattan,Ages 18-64 years,Oct-17,2670 
Manhattan,Ages 18-64 years,Nov-17,2831 
Manhattan,Ages 18-64 years,Dec-17,3162 
Manhattan,Ages 18-64 years,Jan-18,4523 
Manhattan,Ages 18-64 years,Feb-18,3719 
Manhattan,Ages 18-64 years,Mar-18,2740 
Manhattan,Ages 18-64 years,Apr-18,2595 
Manhattan,Ages 18-64 years,May-18,2668 
Manhattan,Ages 18-64 years,Jun-18,2382 
Manhattan,Ages 18-64 years,Jul-18,2188 
Manhattan,Ages 18-64 years,Aug-18,2271 
Manhattan,Ages 18-64 years,Sep-18,2543 
Manhattan,Ages 18-64 years,Oct-18,3201 
Manhattan,Ages 18-64 years,Nov-18,2647 
Manhattan,Ages 18-64 years,Dec-18,3170 
Manhattan,Ages 18-64 years,Jan-19,3512 
Manhattan,Ages 18-64 years,Feb-19,3198 
Manhattan,Ages 18-64 years,Mar-19,2913 
Manhattan,Ages 18-64 years,Apr-19,2651 
Manhattan,Ages 18-64 years,May-19,2658 
Manhattan,Ages 18-64 years,Jun-19,2211 
Manhattan,Ages 18-64 years,Jul-19,2099 
Manhattan,Ages 18-64 years,Aug-19,1733 
Manhattan,Ages 18-64 years,Sep-19,2532 
Manhattan,Ages 18-64 years,Oct-19,2744 
Manhattan,Ages 18-64 years,Nov-19,2777 
Manhattan,Ages 18-64 years,Dec-19,3884 
Manhattan,Ages 18-64 years,Jan-20,4766 
Manhattan,Ages 18-64 years,Feb-20,3615 
Manhattan,Ages 18-64 years,Mar-20,2182 
Manhattan,Ages 65+ years,Jan-16,1576 
Manhattan,Ages 65+ years,Feb-16,1570 
Manhattan,Ages 65+ years,Mar-16,1726 
Manhattan,Ages 65+ years,Apr-16,1538 
Manhattan,Ages 65+ years,May-16,1606 
Manhattan,Ages 65+ years,Jun-16,1344 
Manhattan,Ages 65+ years,Jul-16,1351 
Manhattan,Ages 65+ years,Aug-16,1227 
Manhattan,Ages 65+ years,Sep-16,1277 
Manhattan,Ages 65+ years,Oct-16,1621 
Manhattan,Ages 65+ years,Nov-16,1529 
Manhattan,Ages 65+ years,Dec-16,1771 
Manhattan,Ages 65+ years,Jan-17,2201 
Manhattan,Ages 65+ years,Feb-17,1781 
Manhattan,Ages 65+ years,Mar-17,1636 
Manhattan,Ages 65+ years,Apr-17,1695 
Manhattan,Ages 65+ years,May-17,1759 
Manhattan,Ages 65+ years,Jun-17,1590 
Manhattan,Ages 65+ years,Jul-17,1398 
Manhattan,Ages 65+ years,Aug-17,1380 
Manhattan,Ages 65+ years,Sep-17,1491 
Manhattan,Ages 65+ years,Oct-17,1559 
Manhattan,Ages 65+ years,Nov-17,1565 
Manhattan,Ages 65+ years,Dec-17,1772 
Manhattan,Ages 65+ years,Jan-18,2479 
Manhattan,Ages 65+ years,Feb-18,1996 
Manhattan,Ages 65+ years,Mar-18,1760 
Manhattan,Ages 65+ years,Apr-18,1593 
Manhattan,Ages 65+ years,May-18,1620 
Manhattan,Ages 65+ years,Jun-18,1551 
Manhattan,Ages 65+ years,Jul-18,1461 
Manhattan,Ages 65+ years,Aug-18,1368 
Manhattan,Ages 65+ years,Sep-18,1454 
Manhattan,Ages 65+ years,Oct-18,1935 
Manhattan,Ages 65+ years,Nov-18,1527 
Manhattan,Ages 65+ years,Dec-18,1794 
Manhattan,Ages 65+ years,Jan-19,1957 
Manhattan,Ages 65+ years,Feb-19,1675 
Manhattan,Ages 65+ years,Mar-19,1811 
Manhattan,Ages 65+ years,Apr-19,1694 
Manhattan,Ages 65+ years,May-19,1816 
Manhattan,Ages 65+ years,Jun-19,1610 
Manhattan,Ages 65+ years,Jul-19,1311 
Manhattan,Ages 65+ years,Aug-19,1163 
Manhattan,Ages 65+ years,Sep-19,1446 
Manhattan,Ages 65+ years,Oct-19,1618 
Manhattan,Ages 65+ years,Nov-19,1594 
Manhattan,Ages 65+ years,Dec-19,1918 
Manhattan,Ages 65+ years,Jan-20,2272 
Manhattan,Ages 65+ years,Feb-20,1805 
Manhattan,Ages 65+ years,Mar-20,786 
Queens,All age groups,Jan-16,9676 
Queens,All age groups,Feb-16,9743 
Queens,All age groups,Mar-16,10687 
Queens,All age groups,Apr-16,6432 
Queens,All age groups,May-16,6190 
Queens,All age groups,Jun-16,6048 
Queens,All age groups,Jul-16,5105 
Queens,All age groups,Aug-16,5186 
Queens,All age groups,Sep-16,5903 
Queens,All age groups,Oct-16,7158 
Queens,All age groups,Nov-16,8158 
Queens,All age groups,Dec-16,11193 
Queens,All age groups,Jan-17,11246 
Queens,All age groups,Feb-17,8254 
Queens,All age groups,Mar-17,7936 
Queens,All age groups,Apr-17,7920 
Queens,All age groups,May-17,8049 
Queens,All age groups,Jun-17,6573 
Queens,All age groups,Jul-17,5545 
Queens,All age groups,Aug-17,5413 
Queens,All age groups,Sep-17,6342 
Queens,All age groups,Oct-17,7187 
Queens,All age groups,Nov-17,8612 
Queens,All age groups,Dec-17,10639 
Queens,All age groups,Jan-18,13278 
Queens,All age groups,Feb-18,12783 
Queens,All age groups,Mar-18,7693 
Queens,All age groups,Apr-18,7019 
Queens,All age groups,May-18,8289 
Queens,All age groups,Jun-18,6353 
Queens,All age groups,Jul-18,5262 
Queens,All age groups,Aug-18,4938 
Queens,All age groups,Sep-18,6506 
Queens,All age groups,Oct-18,8571 
Queens,All age groups,Nov-18,8894 
Queens,All age groups,Dec-18,11331 
Queens,All age groups,Jan-19,10936 
Queens,All age groups,Feb-19,8901 
Queens,All age groups,Mar-19,8340 
Queens,All age groups,Apr-19,7736 
Queens,All age groups,May-19,7757 
Queens,All age groups,Jun-19,6498 
Queens,All age groups,Jul-19,5271 
Queens,All age groups,Aug-19,4170 
Queens,All age groups,Sep-19,6605 
Queens,All age groups,Oct-19,6833 
Queens,All age groups,Nov-19,8372 
Queens,All age groups,Dec-19,11283 
Queens,All age groups,Jan-20,13220 
Queens,All age groups,Feb-20,9782 
Queens,All age groups,Mar-20,4809 
Queens,Ages 0-4 years,Jan-16,2600 
Queens,Ages 0-4 years,Feb-16,2066 
Queens,Ages 0-4 years,Mar-16,2012 
Queens,Ages 0-4 years,Apr-16,1143 
Queens,Ages 0-4 years,May-16,1259 
Queens,Ages 0-4 years,Jun-16,1282 
Queens,Ages 0-4 years,Jul-16,916 
Queens,Ages 0-4 years,Aug-16,885 
Queens,Ages 0-4 years,Sep-16,1080 
Queens,Ages 0-4 years,Oct-16,1454 
Queens,Ages 0-4 years,Nov-16,2179 
Queens,Ages 0-4 years,Dec-16,3213 
Queens,Ages 0-4 years,Jan-17,2477 
Queens,Ages 0-4 years,Feb-17,1675 
Queens,Ages 0-4 years,Mar-17,1561 
Queens,Ages 0-4 years,Apr-17,1585 
Queens,Ages 0-4 years,May-17,1435 
Queens,Ages 0-4 years,Jun-17,1133 
Queens,Ages 0-4 years,Jul-17,912 
Queens,Ages 0-4 years,Aug-17,812 
Queens,Ages 0-4 years,Sep-17,1160 
Queens,Ages 0-4 years,Oct-17,1527 
Queens,Ages 0-4 years,Nov-17,2357 
Queens,Ages 0-4 years,Dec-17,3044 
Queens,Ages 0-4 years,Jan-18,2724 
Queens,Ages 0-4 years,Feb-18,2596 
Queens,Ages 0-4 years,Mar-18,1563 
Queens,Ages 0-4 years,Apr-18,1326 
Queens,Ages 0-4 years,May-18,1645 
Queens,Ages 0-4 years,Jun-18,1189 
Queens,Ages 0-4 years,Jul-18,797 
Queens,Ages 0-4 years,Aug-18,694 
Queens,Ages 0-4 years,Sep-18,1134 
Queens,Ages 0-4 years,Oct-18,1932 
Queens,Ages 0-4 years,Nov-18,2558 
Queens,Ages 0-4 years,Dec-18,3228 
Queens,Ages 0-4 years,Jan-19,2254 
Queens,Ages 0-4 years,Feb-19,1657 
Queens,Ages 0-4 years,Mar-19,1598 
Queens,Ages 0-4 years,Apr-19,1577 
Queens,Ages 0-4 years,May-19,1470 
Queens,Ages 0-4 years,Jun-19,1237 
Queens,Ages 0-4 years,Jul-19,828 
Queens,Ages 0-4 years,Aug-19,595 
Queens,Ages 0-4 years,Sep-19,1233 
Queens,Ages 0-4 years,Oct-19,1503 
Queens,Ages 0-4 years,Nov-19,2485 
Queens,Ages 0-4 years,Dec-19,3112 
Queens,Ages 0-4 years,Jan-20,2597 
Queens,Ages 0-4 years,Feb-20,1849 
Queens,Ages 0-4 years,Mar-20,717 
Queens,Ages 5-17 years,Jan-16,1540 
Queens,Ages 5-17 years,Feb-16,1675 
Queens,Ages 5-17 years,Mar-16,2154 
Queens,Ages 5-17 years,Apr-16,1050 
Queens,Ages 5-17 years,May-16,894 
Queens,Ages 5-17 years,Jun-16,812 
Queens,Ages 5-17 years,Jul-16,506 
Queens,Ages 5-17 years,Aug-16,490 
Queens,Ages 5-17 years,Sep-16,872 
Queens,Ages 5-17 years,Oct-16,1121 
Queens,Ages 5-17 years,Nov-16,1444 
Queens,Ages 5-17 years,Dec-16,2262 
Queens,Ages 5-17 years,Jan-17,2148 
Queens,Ages 5-17 years,Feb-17,1425 
Queens,Ages 5-17 years,Mar-17,1207 
Queens,Ages 5-17 years,Apr-17,1091 
Queens,Ages 5-17 years,May-17,1325 
Queens,Ages 5-17 years,Jun-17,821 
Queens,Ages 5-17 years,Jul-17,478 
Queens,Ages 5-17 years,Aug-17,475 
Queens,Ages 5-17 years,Sep-17,790 
Queens,Ages 5-17 years,Oct-17,1067 
Queens,Ages 5-17 years,Nov-17,1339 
Queens,Ages 5-17 years,Dec-17,1904 
Queens,Ages 5-17 years,Jan-18,2335 
Queens,Ages 5-17 years,Feb-18,2976 
Queens,Ages 5-17 years,Mar-18,1182 
Queens,Ages 5-17 years,Apr-18,859 
Queens,Ages 5-17 years,May-18,1366 
Queens,Ages 5-17 years,Jun-18,701 
Queens,Ages 5-17 years,Jul-18,373 
Queens,Ages 5-17 years,Aug-18,394 
Queens,Ages 5-17 years,Sep-18,944 
Queens,Ages 5-17 years,Oct-18,1449 
Queens,Ages 5-17 years,Nov-18,1492 
Queens,Ages 5-17 years,Dec-18,2153 
Queens,Ages 5-17 years,Jan-19,1848 
Queens,Ages 5-17 years,Feb-19,1572 
Queens,Ages 5-17 years,Mar-19,1306 
Queens,Ages 5-17 years,Apr-19,1104 
Queens,Ages 5-17 years,May-19,1043 
Queens,Ages 5-17 years,Jun-19,760 
Queens,Ages 5-17 years,Jul-19,478 
Queens,Ages 5-17 years,Aug-19,307 
Queens,Ages 5-17 years,Sep-19,851 
Queens,Ages 5-17 years,Oct-19,774 
Queens,Ages 5-17 years,Nov-19,1197 
Queens,Ages 5-17 years,Dec-19,1927 
Queens,Ages 5-17 years,Jan-20,2309 
Queens,Ages 5-17 years,Feb-20,1675 
Queens,Ages 5-17 years,Mar-20,649 
Queens,Ages 18-64 years,Jan-16,3832 
Queens,Ages 18-64 years,Feb-16,4297 
Queens,Ages 18-64 years,Mar-16,4687 
Queens,Ages 18-64 years,Apr-16,2810 
Queens,Ages 18-64 years,May-16,2559 
Queens,Ages 18-64 years,Jun-16,2591 
Queens,Ages 18-64 years,Jul-16,2414 
Queens,Ages 18-64 years,Aug-16,2565 
Queens,Ages 18-64 years,Sep-16,2679 
Queens,Ages 18-64 years,Oct-16,3039 
Queens,Ages 18-64 years,Nov-16,2978 
Queens,Ages 18-64 years,Dec-16,3779 
Queens,Ages 18-64 years,Jan-17,4400 
Queens,Ages 18-64 years,Feb-17,3383 
Queens,Ages 18-64 years,Mar-17,3395 
Queens,Ages 18-64 years,Apr-17,3393 
Queens,Ages 18-64 years,May-17,3502 
Queens,Ages 18-64 years,Jun-17,2933 
Queens,Ages 18-64 years,Jul-17,2709 
Queens,Ages 18-64 years,Aug-17,2665 
Queens,Ages 18-64 years,Sep-17,2886 
Queens,Ages 18-64 years,Oct-17,3012 
Queens,Ages 18-64 years,Nov-17,3407 
Queens,Ages 18-64 years,Dec-17,3813 
Queens,Ages 18-64 years,Jan-18,5637 
Queens,Ages 18-64 years,Feb-18,5134 
Queens,Ages 18-64 years,Mar-18,3275 
Queens,Ages 18-64 years,Apr-18,3119 
Queens,Ages 18-64 years,May-18,3451 
Queens,Ages 18-64 years,Jun-18,2861 
Queens,Ages 18-64 years,Jul-18,2584 
Queens,Ages 18-64 years,Aug-18,2449 
Queens,Ages 18-64 years,Sep-18,2934 
Queens,Ages 18-64 years,Oct-18,3387 
Queens,Ages 18-64 years,Nov-18,3157 
Queens,Ages 18-64 years,Dec-18,4056 
Queens,Ages 18-64 years,Jan-19,4666 
Queens,Ages 18-64 years,Feb-19,3851 
Queens,Ages 18-64 years,Mar-19,3499 
Queens,Ages 18-64 years,Apr-19,3213 
Queens,Ages 18-64 years,May-19,3298 
Queens,Ages 18-64 years,Jun-19,2798 
Queens,Ages 18-64 years,Jul-19,2488 
Queens,Ages 18-64 years,Aug-19,2084 
Queens,Ages 18-64 years,Sep-19,2961 
Queens,Ages 18-64 years,Oct-19,2963 
Queens,Ages 18-64 years,Nov-19,3048 
Queens,Ages 18-64 years,Dec-19,4321 
Queens,Ages 18-64 years,Jan-20,5895 
Queens,Ages 18-64 years,Feb-20,4442 
Queens,Ages 18-64 years,Mar-20,2693 
Queens,Ages 65+ years,Jan-16,1704 
Queens,Ages 65+ years,Feb-16,1705 
Queens,Ages 65+ years,Mar-16,1834 
Queens,Ages 65+ years,Apr-16,1429 
Queens,Ages 65+ years,May-16,1478 
Queens,Ages 65+ years,Jun-16,1363 
Queens,Ages 65+ years,Jul-16,1269 
Queens,Ages 65+ years,Aug-16,1246 
Queens,Ages 65+ years,Sep-16,1272 
Queens,Ages 65+ years,Oct-16,1544 
Queens,Ages 65+ years,Nov-16,1557 
Queens,Ages 65+ years,Dec-16,1939 
Queens,Ages 65+ years,Jan-17,2221 
Queens,Ages 65+ years,Feb-17,1771 
Queens,Ages 65+ years,Mar-17,1773 
Queens,Ages 65+ years,Apr-17,1851 
Queens,Ages 65+ years,May-17,1787 
Queens,Ages 65+ years,Jun-17,1686 
Queens,Ages 65+ years,Jul-17,1446 
Queens,Ages 65+ years,Aug-17,1461 
Queens,Ages 65+ years,Sep-17,1506 
Queens,Ages 65+ years,Oct-17,1581 
Queens,Ages 65+ years,Nov-17,1509 
Queens,Ages 65+ years,Dec-17,1878 
Queens,Ages 65+ years,Jan-18,2582 
Queens,Ages 65+ years,Feb-18,2077 
Queens,Ages 65+ years,Mar-18,1673 
Queens,Ages 65+ years,Apr-18,1715 
Queens,Ages 65+ years,May-18,1827 
Queens,Ages 65+ years,Jun-18,1602 
Queens,Ages 65+ years,Jul-18,1508 
Queens,Ages 65+ years,Aug-18,1401 
Queens,Ages 65+ years,Sep-18,1494 
Queens,Ages 65+ years,Oct-18,1803 
Queens,Ages 65+ years,Nov-18,1687 
Queens,Ages 65+ years,Dec-18,1894 
Queens,Ages 65+ years,Jan-19,2168 
Queens,Ages 65+ years,Feb-19,1821 
Queens,Ages 65+ years,Mar-19,1937 
Queens,Ages 65+ years,Apr-19,1842 
Queens,Ages 65+ years,May-19,1946 
Queens,Ages 65+ years,Jun-19,1703 
Queens,Ages 65+ years,Jul-19,1477 
Queens,Ages 65+ years,Aug-19,1184 
Queens,Ages 65+ years,Sep-19,1560 
Queens,Ages 65+ years,Oct-19,1593 
Queens,Ages 65+ years,Nov-19,1642 
Queens,Ages 65+ years,Dec-19,1923 
Queens,Ages 65+ years,Jan-20,2419 
Queens,Ages 65+ years,Feb-20,1816 
Queens,Ages 65+ years,Mar-20,750 
Staten Island,All age groups,Jan-16,2360 
Staten Island,All age groups,Feb-16,2123 
Staten Island,All age groups,Mar-16,2103 
Staten Island,All age groups,Apr-16,1815 
Staten Island,All age groups,May-16,1673 
Staten Island,All age groups,Jun-16,1426 
Staten Island,All age groups,Jul-16,1341 
Staten Island,All age groups,Aug-16,1381 
Staten Island,All age groups,Sep-16,1529 
Staten Island,All age groups,Oct-16,1762 
Staten Island,All age groups,Nov-16,1880 
Staten Island,All age groups,Dec-16,2673 
Staten Island,All age groups,Jan-17,2647 
Staten Island,All age groups,Feb-17,2019 
Staten Island,All age groups,Mar-17,1964 
Staten Island,All age groups,Apr-17,1943 
Staten Island,All age groups,May-17,1957 
Staten Island,All age groups,Jun-17,1671 
Staten Island,All age groups,Jul-17,1428 
Staten Island,All age groups,Aug-17,1415 
Staten Island,All age groups,Sep-17,1563 
Staten Island,All age groups,Oct-17,1800 
Staten Island,All age groups,Nov-17,1962 
Staten Island,All age groups,Dec-17,2468 
Staten Island,All age groups,Jan-18,3166 
Staten Island,All age groups,Feb-18,2725 
Staten Island,All age groups,Mar-18,1721 
Staten Island,All age groups,Apr-18,1659 
Staten Island,All age groups,May-18,1745 
Staten Island,All age groups,Jun-18,1537 
Staten Island,All age groups,Jul-18,1235 
Staten Island,All age groups,Aug-18,1262 
Staten Island,All age groups,Sep-18,1595 
Staten Island,All age groups,Oct-18,2026 
Staten Island,All age groups,Nov-18,1944 
Staten Island,All age groups,Dec-18,2570 
Staten Island,All age groups,Jan-19,2374 
Staten Island,All age groups,Feb-19,2007 
Staten Island,All age groups,Mar-19,1849 
Staten Island,All age groups,Apr-19,1794 
Staten Island,All age groups,May-19,1846 
Staten Island,All age groups,Jun-19,1566 
Staten Island,All age groups,Jul-19,1339 
Staten Island,All age groups,Aug-19,1128 
Staten Island,All age groups,Sep-19,1677 
Staten Island,All age groups,Oct-19,1568 
Staten Island,All age groups,Nov-19,1883 
Staten Island,All age groups,Dec-19,2788 
Staten Island,All age groups,Jan-20,3068 
Staten Island,All age groups,Feb-20,2319 
Staten Island,All age groups,Mar-20,1023 
Staten Island,Ages 0-4 years,Jan-16,482 
Staten Island,Ages 0-4 years,Feb-16,341 
Staten Island,Ages 0-4 years,Mar-16,251 
Staten Island,Ages 0-4 years,Apr-16,169 
Staten Island,Ages 0-4 years,May-16,185 
Staten Island,Ages 0-4 years,Jun-16,165 
Staten Island,Ages 0-4 years,Jul-16,140 
Staten Island,Ages 0-4 years,Aug-16,134 
Staten Island,Ages 0-4 years,Sep-16,160 
Staten Island,Ages 0-4 years,Oct-16,240 
Staten Island,Ages 0-4 years,Nov-16,290 
Staten Island,Ages 0-4 years,Dec-16,488 
Staten Island,Ages 0-4 years,Jan-17,354 
Staten Island,Ages 0-4 years,Feb-17,282 
Staten Island,Ages 0-4 years,Mar-17,248 
Staten Island,Ages 0-4 years,Apr-17,223 
Staten Island,Ages 0-4 years,May-17,229 
Staten Island,Ages 0-4 years,Jun-17,187 
Staten Island,Ages 0-4 years,Jul-17,130 
Staten Island,Ages 0-4 years,Aug-17,116 
Staten Island,Ages 0-4 years,Sep-17,159 
Staten Island,Ages 0-4 years,Oct-17,239 
Staten Island,Ages 0-4 years,Nov-17,324 
Staten Island,Ages 0-4 years,Dec-17,448 
Staten Island,Ages 0-4 years,Jan-18,392 
Staten Island,Ages 0-4 years,Feb-18,412 
Staten Island,Ages 0-4 years,Mar-18,188 
Staten Island,Ages 0-4 years,Apr-18,217 
Staten Island,Ages 0-4 years,May-18,205 
Staten Island,Ages 0-4 years,Jun-18,171 
Staten Island,Ages 0-4 years,Jul-18,97 
Staten Island,Ages 0-4 years,Aug-18,101 
Staten Island,Ages 0-4 years,Sep-18,172 
Staten Island,Ages 0-4 years,Oct-18,312 
Staten Island,Ages 0-4 years,Nov-18,340 
Staten Island,Ages 0-4 years,Dec-18,499 
Staten Island,Ages 0-4 years,Jan-19,333 
Staten Island,Ages 0-4 years,Feb-19,270 
Staten Island,Ages 0-4 years,Mar-19,195 
Staten Island,Ages 0-4 years,Apr-19,247 
Staten Island,Ages 0-4 years,May-19,230 
Staten Island,Ages 0-4 years,Jun-19,172 
Staten Island,Ages 0-4 years,Jul-19,97 
Staten Island,Ages 0-4 years,Aug-19,96 
Staten Island,Ages 0-4 years,Sep-19,223 
Staten Island,Ages 0-4 years,Oct-19,199 
Staten Island,Ages 0-4 years,Nov-19,394 
Staten Island,Ages 0-4 years,Dec-19,604 
Staten Island,Ages 0-4 years,Jan-20,479 
Staten Island,Ages 0-4 years,Feb-20,327 
Staten Island,Ages 0-4 years,Mar-20,126 
Staten Island,Ages 5-17 years,Jan-16,314 
Staten Island,Ages 5-17 years,Feb-16,220 
Staten Island,Ages 5-17 years,Mar-16,267 
Staten Island,Ages 5-17 years,Apr-16,239 
Staten Island,Ages 5-17 years,May-16,185 
Staten Island,Ages 5-17 years,Jun-16,117 
Staten Island,Ages 5-17 years,Jul-16,94 
Staten Island,Ages 5-17 years,Aug-16,113 
Staten Island,Ages 5-17 years,Sep-16,165 
Staten Island,Ages 5-17 years,Oct-16,176 
Staten Island,Ages 5-17 years,Nov-16,226 
Staten Island,Ages 5-17 years,Dec-16,453 
Staten Island,Ages 5-17 years,Jan-17,351 
Staten Island,Ages 5-17 years,Feb-17,240 
Staten Island,Ages 5-17 years,Mar-17,216 
Staten Island,Ages 5-17 years,Apr-17,207 
Staten Island,Ages 5-17 years,May-17,238 
Staten Island,Ages 5-17 years,Jun-17,127 
Staten Island,Ages 5-17 years,Jul-17,92 
Staten Island,Ages 5-17 years,Aug-17,86 
Staten Island,Ages 5-17 years,Sep-17,145 
Staten Island,Ages 5-17 years,Oct-17,193 
Staten Island,Ages 5-17 years,Nov-17,214 
Staten Island,Ages 5-17 years,Dec-17,302 
Staten Island,Ages 5-17 years,Jan-18,438 
Staten Island,Ages 5-17 years,Feb-18,471 
Staten Island,Ages 5-17 years,Mar-18,183 
Staten Island,Ages 5-17 years,Apr-18,138 
Staten Island,Ages 5-17 years,May-18,198 
Staten Island,Ages 5-17 years,Jun-18,108 
Staten Island,Ages 5-17 years,Jul-18,54 
Staten Island,Ages 5-17 years,Aug-18,61 
Staten Island,Ages 5-17 years,Sep-18,160 
Staten Island,Ages 5-17 years,Oct-18,231 
Staten Island,Ages 5-17 years,Nov-18,240 
Staten Island,Ages 5-17 years,Dec-18,346 
Staten Island,Ages 5-17 years,Jan-19,258 
Staten Island,Ages 5-17 years,Feb-19,266 
Staten Island,Ages 5-17 years,Mar-19,197 
Staten Island,Ages 5-17 years,Apr-19,180 
Staten Island,Ages 5-17 years,May-19,204 
Staten Island,Ages 5-17 years,Jun-19,137 
Staten Island,Ages 5-17 years,Jul-19,88 
Staten Island,Ages 5-17 years,Aug-19,78 
Staten Island,Ages 5-17 years,Sep-19,151 
Staten Island,Ages 5-17 years,Oct-19,141 
Staten Island,Ages 5-17 years,Nov-19,192 
Staten Island,Ages 5-17 years,Dec-19,338 
Staten Island,Ages 5-17 years,Jan-20,417 
Staten Island,Ages 5-17 years,Feb-20,295 
Staten Island,Ages 5-17 years,Mar-20,93 
Staten Island,Ages 18-64 years,Jan-16,1065 
Staten Island,Ages 18-64 years,Feb-16,1027 
Staten Island,Ages 18-64 years,Mar-16,1003 
Staten Island,Ages 18-64 years,Apr-16,861 
Staten Island,Ages 18-64 years,May-16,784 
Staten Island,Ages 18-64 years,Jun-16,660 
Staten Island,Ages 18-64 years,Jul-16,662 
Staten Island,Ages 18-64 years,Aug-16,732 
Staten Island,Ages 18-64 years,Sep-16,782 
Staten Island,Ages 18-64 years,Oct-16,859 
Staten Island,Ages 18-64 years,Nov-16,868 
Staten Island,Ages 18-64 years,Dec-16,1100 
Staten Island,Ages 18-64 years,Jan-17,1215 
Staten Island,Ages 18-64 years,Feb-17,921 
Staten Island,Ages 18-64 years,Mar-17,975 
Staten Island,Ages 18-64 years,Apr-17,943 
Staten Island,Ages 18-64 years,May-17,940 
Staten Island,Ages 18-64 years,Jun-17,876 
Staten Island,Ages 18-64 years,Jul-17,730 
Staten Island,Ages 18-64 years,Aug-17,726 
Staten Island,Ages 18-64 years,Sep-17,756 
Staten Island,Ages 18-64 years,Oct-17,853 
Staten Island,Ages 18-64 years,Nov-17,892 
Staten Island,Ages 18-64 years,Dec-17,1070 
Staten Island,Ages 18-64 years,Jan-18,1566 
Staten Island,Ages 18-64 years,Feb-18,1293 
Staten Island,Ages 18-64 years,Mar-18,852 
Staten Island,Ages 18-64 years,Apr-18,788 
Staten Island,Ages 18-64 years,May-18,831 
Staten Island,Ages 18-64 years,Jun-18,770 
Staten Island,Ages 18-64 years,Jul-18,644 
Staten Island,Ages 18-64 years,Aug-18,659 
Staten Island,Ages 18-64 years,Sep-18,828 
Staten Island,Ages 18-64 years,Oct-18,952 
Staten Island,Ages 18-64 years,Nov-18,851 
Staten Island,Ages 18-64 years,Dec-18,1135 
Staten Island,Ages 18-64 years,Jan-19,1198 
Staten Island,Ages 18-64 years,Feb-19,965 
Staten Island,Ages 18-64 years,Mar-19,931 
Staten Island,Ages 18-64 years,Apr-19,840 
Staten Island,Ages 18-64 years,May-19,831 
Staten Island,Ages 18-64 years,Jun-19,745 
Staten Island,Ages 18-64 years,Jul-19,662 
Staten Island,Ages 18-64 years,Aug-19,601 
Staten Island,Ages 18-64 years,Sep-19,822 
Staten Island,Ages 18-64 years,Oct-19,780 
Staten Island,Ages 18-64 years,Nov-19,839 
Staten Island,Ages 18-64 years,Dec-19,1195 
Staten Island,Ages 18-64 years,Jan-20,1470 
Staten Island,Ages 18-64 years,Feb-20,1177 
Staten Island,Ages 18-64 years,Mar-20,587 
Staten Island,Ages 65+ years,Jan-16,499 
Staten Island,Ages 65+ years,Feb-16,535 
Staten Island,Ages 65+ years,Mar-16,582 
Staten Island,Ages 65+ years,Apr-16,546 
Staten Island,Ages 65+ years,May-16,519 
Staten Island,Ages 65+ years,Jun-16,484 
Staten Island,Ages 65+ years,Jul-16,445 
Staten Island,Ages 65+ years,Aug-16,402 
Staten Island,Ages 65+ years,Sep-16,422 
Staten Island,Ages 65+ years,Oct-16,487 
Staten Island,Ages 65+ years,Nov-16,496 
Staten Island,Ages 65+ years,Dec-16,632 
Staten Island,Ages 65+ years,Jan-17,727 
Staten Island,Ages 65+ years,Feb-17,576 
Staten Island,Ages 65+ years,Mar-17,525 
Staten Island,Ages 65+ years,Apr-17,570 
Staten Island,Ages 65+ years,May-17,550 
Staten Island,Ages 65+ years,Jun-17,481 
Staten Island,Ages 65+ years,Jul-17,476 
Staten Island,Ages 65+ years,Aug-17,487 
Staten Island,Ages 65+ years,Sep-17,503 
Staten Island,Ages 65+ years,Oct-17,515 
Staten Island,Ages 65+ years,Nov-17,532 
Staten Island,Ages 65+ years,Dec-17,648 
Staten Island,Ages 65+ years,Jan-18,770 
Staten Island,Ages 65+ years,Feb-18,549 
Staten Island,Ages 65+ years,Mar-18,498 
Staten Island,Ages 65+ years,Apr-18,516 
Staten Island,Ages 65+ years,May-18,511 
Staten Island,Ages 65+ years,Jun-18,488 
Staten Island,Ages 65+ years,Jul-18,440 
Staten Island,Ages 65+ years,Aug-18,441 
Staten Island,Ages 65+ years,Sep-18,435 
Staten Island,Ages 65+ years,Oct-18,531 
Staten Island,Ages 65+ years,Nov-18,513 
Staten Island,Ages 65+ years,Dec-18,590 
Staten Island,Ages 65+ years,Jan-19,585 
Staten Island,Ages 65+ years,Feb-19,506 
Staten Island,Ages 65+ years,Mar-19,526 
Staten Island,Ages 65+ years,Apr-19,527 
Staten Island,Ages 65+ years,May-19,581 
Staten Island,Ages 65+ years,Jun-19,512 
Staten Island,Ages 65+ years,Jul-19,492 
Staten Island,Ages 65+ years,Aug-19,353 
Staten Island,Ages 65+ years,Sep-19,481 
Staten Island,Ages 65+ years,Oct-19,448 
Staten Island,Ages 65+ years,Nov-19,458 
Staten Island,Ages 65+ years,Dec-19,651 
Staten Island,Ages 65+ years,Jan-20,702 
Staten Island,Ages 65+ years,Feb-20,520 
Staten Island,Ages 65+ years,Mar-20,217 
Unknown,All age groups,Jan-16,1464 
Unknown,All age groups,Feb-16,1553 
Unknown,All age groups,Mar-16,1693 
Unknown,All age groups,Apr-16,1237 
Unknown,All age groups,May-16,1280 
Unknown,All age groups,Jun-16,1237 
Unknown,All age groups,Jul-16,1249 
Unknown,All age groups,Aug-16,1167 
Unknown,All age groups,Sep-16,1241 
Unknown,All age groups,Oct-16,1449 
Unknown,All age groups,Nov-16,1454 
Unknown,All age groups,Dec-16,1895 
Unknown,All age groups,Jan-17,1978 
Unknown,All age groups,Feb-17,1420 
Unknown,All age groups,Mar-17,1324 
Unknown,All age groups,Apr-17,1406 
Unknown,All age groups,May-17,1414 
Unknown,All age groups,Jun-17,1344 
Unknown,All age groups,Jul-17,1289 
Unknown,All age groups,Aug-17,1230 
Unknown,All age groups,Sep-17,1414 
Unknown,All age groups,Oct-17,1466 
Unknown,All age groups,Nov-17,2441 
Unknown,All age groups,Dec-17,1981 
Unknown,All age groups,Jan-18,2159 
Unknown,All age groups,Feb-18,1878 
Unknown,All age groups,Mar-18,1437 
Unknown,All age groups,Apr-18,1387 
Unknown,All age groups,May-18,1402 
Unknown,All age groups,Jun-18,1283 
Unknown,All age groups,Jul-18,1161 
Unknown,All age groups,Aug-18,1149 
Unknown,All age groups,Sep-18,1281 
Unknown,All age groups,Oct-18,1655 
Unknown,All age groups,Nov-18,1728 
Unknown,All age groups,Dec-18,2205 
Unknown,All age groups,Jan-19,1855 
Unknown,All age groups,Feb-19,1549 
Unknown,All age groups,Mar-19,1587 
Unknown,All age groups,Apr-19,1413 
Unknown,All age groups,May-19,1418 
Unknown,All age groups,Jun-19,1346 
Unknown,All age groups,Jul-19,1201 
Unknown,All age groups,Aug-19,1029 
Unknown,All age groups,Sep-19,1355 
Unknown,All age groups,Oct-19,1475 
Unknown,All age groups,Nov-19,1621 
Unknown,All age groups,Dec-19,2230 
Unknown,All age groups,Jan-20,2217 
Unknown,All age groups,Feb-20,1781 
Unknown,All age groups,Mar-20,939 
Unknown,Ages 0-4 years,Jan-16,345 
Unknown,Ages 0-4 years,Feb-16,287 
Unknown,Ages 0-4 years,Mar-16,237 
Unknown,Ages 0-4 years,Apr-16,189 
Unknown,Ages 0-4 years,May-16,200 
Unknown,Ages 0-4 years,Jun-16,182 
Unknown,Ages 0-4 years,Jul-16,173 
Unknown,Ages 0-4 years,Aug-16,142 
Unknown,Ages 0-4 years,Sep-16,185 
Unknown,Ages 0-4 years,Oct-16,255 
Unknown,Ages 0-4 years,Nov-16,333 
Unknown,Ages 0-4 years,Dec-16,463 
Unknown,Ages 0-4 years,Jan-17,393 
Unknown,Ages 0-4 years,Feb-17,241 
Unknown,Ages 0-4 years,Mar-17,204 
Unknown,Ages 0-4 years,Apr-17,261 
Unknown,Ages 0-4 years,May-17,211 
Unknown,Ages 0-4 years,Jun-17,200 
Unknown,Ages 0-4 years,Jul-17,165 
Unknown,Ages 0-4 years,Aug-17,161 
Unknown,Ages 0-4 years,Sep-17,211 
Unknown,Ages 0-4 years,Oct-17,238 
Unknown,Ages 0-4 years,Nov-17,363 
Unknown,Ages 0-4 years,Dec-17,481 
Unknown,Ages 0-4 years,Jan-18,388 
Unknown,Ages 0-4 years,Feb-18,344 
Unknown,Ages 0-4 years,Mar-18,269 
Unknown,Ages 0-4 years,Apr-18,220 
Unknown,Ages 0-4 years,May-18,216 
Unknown,Ages 0-4 years,Jun-18,210 
Unknown,Ages 0-4 years,Jul-18,158 
Unknown,Ages 0-4 years,Aug-18,152 
Unknown,Ages 0-4 years,Sep-18,234 
Unknown,Ages 0-4 years,Oct-18,300 
Unknown,Ages 0-4 years,Nov-18,433 
Unknown,Ages 0-4 years,Dec-18,599 
Unknown,Ages 0-4 years,Jan-19,344 
Unknown,Ages 0-4 years,Feb-19,285 
Unknown,Ages 0-4 years,Mar-19,297 
Unknown,Ages 0-4 years,Apr-19,260 
Unknown,Ages 0-4 years,May-19,232 
Unknown,Ages 0-4 years,Jun-19,225 
Unknown,Ages 0-4 years,Jul-19,184 
Unknown,Ages 0-4 years,Aug-19,127 
Unknown,Ages 0-4 years,Sep-19,206 
Unknown,Ages 0-4 years,Oct-19,269 
Unknown,Ages 0-4 years,Nov-19,448 
Unknown,Ages 0-4 years,Dec-19,581 
Unknown,Ages 0-4 years,Jan-20,413 
Unknown,Ages 0-4 years,Feb-20,328 
Unknown,Ages 0-4 years,Mar-20,131 
Unknown,Ages 5-17 years,Jan-16,128 
Unknown,Ages 5-17 years,Feb-16,143 
Unknown,Ages 5-17 years,Mar-16,180 
Unknown,Ages 5-17 years,Apr-16,93 
Unknown,Ages 5-17 years,May-16,105 
Unknown,Ages 5-17 years,Jun-16,90 
Unknown,Ages 5-17 years,Jul-16,107 
Unknown,Ages 5-17 years,Aug-16,95 
Unknown,Ages 5-17 years,Sep-16,110 
Unknown,Ages 5-17 years,Oct-16,122 
Unknown,Ages 5-17 years,Nov-16,146 
Unknown,Ages 5-17 years,Dec-16,214 
Unknown,Ages 5-17 years,Jan-17,224 
Unknown,Ages 5-17 years,Feb-17,145 
Unknown,Ages 5-17 years,Mar-17,125 
Unknown,Ages 5-17 years,Apr-17,134 
Unknown,Ages 5-17 years,May-17,130 
Unknown,Ages 5-17 years,Jun-17,121 
Unknown,Ages 5-17 years,Jul-17,110 
Unknown,Ages 5-17 years,Aug-17,74 
Unknown,Ages 5-17 years,Sep-17,115 
Unknown,Ages 5-17 years,Oct-17,127 
Unknown,Ages 5-17 years,Nov-17,149 
Unknown,Ages 5-17 years,Dec-17,203 
Unknown,Ages 5-17 years,Jan-18,204 
Unknown,Ages 5-17 years,Feb-18,226 
Unknown,Ages 5-17 years,Mar-18,133 
Unknown,Ages 5-17 years,Apr-18,112 
Unknown,Ages 5-17 years,May-18,150 
Unknown,Ages 5-17 years,Jun-18,80 
Unknown,Ages 5-17 years,Jul-18,100 
Unknown,Ages 5-17 years,Aug-18,82 
Unknown,Ages 5-17 years,Sep-18,92 
Unknown,Ages 5-17 years,Oct-18,178 
Unknown,Ages 5-17 years,Nov-18,179 
Unknown,Ages 5-17 years,Dec-18,251 
Unknown,Ages 5-17 years,Jan-19,158 
Unknown,Ages 5-17 years,Feb-19,151 
Unknown,Ages 5-17 years,Mar-19,129 
Unknown,Ages 5-17 years,Apr-19,122 
Unknown,Ages 5-17 years,May-19,119 
Unknown,Ages 5-17 years,Jun-19,115 
Unknown,Ages 5-17 years,Jul-19,84 
Unknown,Ages 5-17 years,Aug-19,88 
Unknown,Ages 5-17 years,Sep-19,112 
Unknown,Ages 5-17 years,Oct-19,123 
Unknown,Ages 5-17 years,Nov-19,137 
Unknown,Ages 5-17 years,Dec-19,236 
Unknown,Ages 5-17 years,Jan-20,232 
Unknown,Ages 5-17 years,Feb-20,178 
Unknown,Ages 5-17 years,Mar-20,63 
Unknown,Ages 18-64 years,Jan-16,743 
Unknown,Ages 18-64 years,Feb-16,890 
Unknown,Ages 18-64 years,Mar-16,1018 
Unknown,Ages 18-64 years,Apr-16,729 
Unknown,Ages 18-64 years,May-16,702 
Unknown,Ages 18-64 years,Jun-16,688 
Unknown,Ages 18-64 years,Jul-16,713 
Unknown,Ages 18-64 years,Aug-16,690 
Unknown,Ages 18-64 years,Sep-16,699 
Unknown,Ages 18-64 years,Oct-16,793 
Unknown,Ages 18-64 years,Nov-16,719 
Unknown,Ages 18-64 years,Dec-16,900 
Unknown,Ages 18-64 years,Jan-17,945 
Unknown,Ages 18-64 years,Feb-17,775 
Unknown,Ages 18-64 years,Mar-17,740 
Unknown,Ages 18-64 years,Apr-17,736 
Unknown,Ages 18-64 years,May-17,763 
Unknown,Ages 18-64 years,Jun-17,725 
Unknown,Ages 18-64 years,Jul-17,750 
Unknown,Ages 18-64 years,Aug-17,741 
Unknown,Ages 18-64 years,Sep-17,784 
Unknown,Ages 18-64 years,Oct-17,818 
Unknown,Ages 18-64 years,Nov-17,1670 
Unknown,Ages 18-64 years,Dec-17,989 
Unknown,Ages 18-64 years,Jan-18,1193 
Unknown,Ages 18-64 years,Feb-18,1036 
Unknown,Ages 18-64 years,Mar-18,794 
Unknown,Ages 18-64 years,Apr-18,799 
Unknown,Ages 18-64 years,May-18,750 
Unknown,Ages 18-64 years,Jun-18,724 
Unknown,Ages 18-64 years,Jul-18,653 
Unknown,Ages 18-64 years,Aug-18,655 
Unknown,Ages 18-64 years,Sep-18,703 
Unknown,Ages 18-64 years,Oct-18,845 
Unknown,Ages 18-64 years,Nov-18,823 
Unknown,Ages 18-64 years,Dec-18,1020 
Unknown,Ages 18-64 years,Jan-19,1006 
Unknown,Ages 18-64 years,Feb-19,833 
Unknown,Ages 18-64 years,Mar-19,875 
Unknown,Ages 18-64 years,Apr-19,773 
Unknown,Ages 18-64 years,May-19,719 
Unknown,Ages 18-64 years,Jun-19,733 
Unknown,Ages 18-64 years,Jul-19,698 
Unknown,Ages 18-64 years,Aug-19,583 
Unknown,Ages 18-64 years,Sep-19,746 
Unknown,Ages 18-64 years,Oct-19,807 
Unknown,Ages 18-64 years,Nov-19,794 
Unknown,Ages 18-64 years,Dec-19,1063 
Unknown,Ages 18-64 years,Jan-20,1258 
Unknown,Ages 18-64 years,Feb-20,1012 
Unknown,Ages 18-64 years,Mar-20,623 
Unknown,Ages 65+ years,Jan-16,248 
Unknown,Ages 65+ years,Feb-16,233 
Unknown,Ages 65+ years,Mar-16,258 
Unknown,Ages 65+ years,Apr-16,226 
Unknown,Ages 65+ years,May-16,273 
Unknown,Ages 65+ years,Jun-16,277 
Unknown,Ages 65+ years,Jul-16,256 
Unknown,Ages 65+ years,Aug-16,240 
Unknown,Ages 65+ years,Sep-16,247 
Unknown,Ages 65+ years,Oct-16,279 
Unknown,Ages 65+ years,Nov-16,256 
Unknown,Ages 65+ years,Dec-16,318 
Unknown,Ages 65+ years,Jan-17,416 
Unknown,Ages 65+ years,Feb-17,259 
Unknown,Ages 65+ years,Mar-17,255 
Unknown,Ages 65+ years,Apr-17,275 
Unknown,Ages 65+ years,May-17,310 
Unknown,Ages 65+ years,Jun-17,298 
Unknown,Ages 65+ years,Jul-17,264 
Unknown,Ages 65+ years,Aug-17,254 
Unknown,Ages 65+ years,Sep-17,304 
Unknown,Ages 65+ years,Oct-17,283 
Unknown,Ages 65+ years,Nov-17,259 
Unknown,Ages 65+ years,Dec-17,308 
Unknown,Ages 65+ years,Jan-18,374 
Unknown,Ages 65+ years,Feb-18,272 
Unknown,Ages 65+ years,Mar-18,241 
Unknown,Ages 65+ years,Apr-18,256 
Unknown,Ages 65+ years,May-18,286 
Unknown,Ages 65+ years,Jun-18,269 
Unknown,Ages 65+ years,Jul-18,250 
Unknown,Ages 65+ years,Aug-18,260 
Unknown,Ages 65+ years,Sep-18,252 
Unknown,Ages 65+ years,Oct-18,332 
Unknown,Ages 65+ years,Nov-18,293 
Unknown,Ages 65+ years,Dec-18,335 
Unknown,Ages 65+ years,Jan-19,347 
Unknown,Ages 65+ years,Feb-19,280 
Unknown,Ages 65+ years,Mar-19,286 
Unknown,Ages 65+ years,Apr-19,258 
Unknown,Ages 65+ years,May-19,348 
Unknown,Ages 65+ years,Jun-19,273 
Unknown,Ages 65+ years,Jul-19,235 
Unknown,Ages 65+ years,Aug-19,231 
Unknown,Ages 65+ years,Sep-19,291 
Unknown,Ages 65+ years,Oct-19,276 
Unknown,Ages 65+ years,Nov-19,242 
Unknown,Ages 65+ years,Dec-19,350 
Unknown,Ages 65+ years,Jan-20,314 
Unknown,Ages 65+ years,Feb-20,263 
Unknown,Ages 65+ years,Mar-20,122 
Citywide,All age groups,Jan-16,39926 
Citywide,All age groups,Feb-16,41608 
Citywide,All age groups,Mar-16,44840 
Citywide,All age groups,Apr-16,33566 
Citywide,All age groups,May-16,32866 
Citywide,All age groups,Jun-16,29429 
Citywide,All age groups,Jul-16,26493 
Citywide,All age groups,Aug-16,27018 
Citywide,All age groups,Sep-16,29793 
Citywide,All age groups,Oct-16,37216 
Citywide,All age groups,Nov-16,39285 
Citywide,All age groups,Dec-16,51147 
Citywide,All age groups,Jan-17,54097 
Citywide,All age groups,Feb-17,39598 
Citywide,All age groups,Mar-17,37333 
Citywide,All age groups,Apr-17,37305 
Citywide,All age groups,May-17,38576 
Citywide,All age groups,Jun-17,31541 
Citywide,All age groups,Jul-17,26818 
Citywide,All age groups,Aug-17,27308 
Citywide,All age groups,Sep-17,31670 
Citywide,All age groups,Oct-17,35928 
Citywide,All age groups,Nov-17,42067 
Citywide,All age groups,Dec-17,47725 
Citywide,All age groups,Jan-18,60908 
Citywide,All age groups,Feb-18,58026 
Citywide,All age groups,Mar-18,36779 
Citywide,All age groups,Apr-18,33011 
Citywide,All age groups,May-18,37053 
Citywide,All age groups,Jun-18,29407 
Citywide,All age groups,Jul-18,24566 
Citywide,All age groups,Aug-18,24373 
Citywide,All age groups,Sep-18,30728 
Citywide,All age groups,Oct-18,41543 
Citywide,All age groups,Nov-18,40030 
Citywide,All age groups,Dec-18,48373 
Citywide,All age groups,Jan-19,47616 
Citywide,All age groups,Feb-19,40447 
Citywide,All age groups,Mar-19,38717 
Citywide,All age groups,Apr-19,35711 
Citywide,All age groups,May-19,36033 
Citywide,All age groups,Jun-19,29981 
Citywide,All age groups,Jul-19,24480 
Citywide,All age groups,Aug-19,19906 
Citywide,All age groups,Sep-19,31443 
Citywide,All age groups,Oct-19,33290 
Citywide,All age groups,Nov-19,38579 
Citywide,All age groups,Dec-19,52660 
Citywide,All age groups,Jan-20,60143 
Citywide,All age groups,Feb-20,45315 
Citywide,All age groups,Mar-20,21880 
Citywide,Ages 0-4 years,Jan-16,9625 
Citywide,Ages 0-4 years,Feb-16,7928 
Citywide,Ages 0-4 years,Mar-16,7589 
Citywide,Ages 0-4 years,Apr-16,5512 
Citywide,Ages 0-4 years,May-16,5397 
Citywide,Ages 0-4 years,Jun-16,4957 
Citywide,Ages 0-4 years,Jul-16,3955 
Citywide,Ages 0-4 years,Aug-16,3766 
Citywide,Ages 0-4 years,Sep-16,4342 
Citywide,Ages 0-4 years,Oct-16,6661 
Citywide,Ages 0-4 years,Nov-16,9103 
Citywide,Ages 0-4 years,Dec-16,12347 
Citywide,Ages 0-4 years,Jan-17,9596 
Citywide,Ages 0-4 years,Feb-17,6709 
Citywide,Ages 0-4 years,Mar-17,6055 
Citywide,Ages 0-4 years,Apr-17,6070 
Citywide,Ages 0-4 years,May-17,5793 
Citywide,Ages 0-4 years,Jun-17,4604 
Citywide,Ages 0-4 years,Jul-17,3667 
Citywide,Ages 0-4 years,Aug-17,3447 
Citywide,Ages 0-4 years,Sep-17,4613 
Citywide,Ages 0-4 years,Oct-17,6531 
Citywide,Ages 0-4 years,Nov-17,9521 
Citywide,Ages 0-4 years,Dec-17,10855 
Citywide,Ages 0-4 years,Jan-18,10315 
Citywide,Ages 0-4 years,Feb-18,10471 
Citywide,Ages 0-4 years,Mar-18,6383 
Citywide,Ages 0-4 years,Apr-18,5396 
Citywide,Ages 0-4 years,May-18,6148 
Citywide,Ages 0-4 years,Jun-18,4531 
Citywide,Ages 0-4 years,Jul-18,3021 
Citywide,Ages 0-4 years,Aug-18,2933 
Citywide,Ages 0-4 years,Sep-18,4743 
Citywide,Ages 0-4 years,Oct-18,8056 
Citywide,Ages 0-4 years,Nov-18,9892 
Citywide,Ages 0-4 years,Dec-18,11749 
Citywide,Ages 0-4 years,Jan-19,8260 
Citywide,Ages 0-4 years,Feb-19,6520 
Citywide,Ages 0-4 years,Mar-19,6174 
Citywide,Ages 0-4 years,Apr-19,6090 
Citywide,Ages 0-4 years,May-19,5871 
Citywide,Ages 0-4 years,Jun-19,4709 
Citywide,Ages 0-4 years,Jul-19,3229 
Citywide,Ages 0-4 years,Aug-19,2590 
Citywide,Ages 0-4 years,Sep-19,5395 
Citywide,Ages 0-4 years,Oct-19,6315 
Citywide,Ages 0-4 years,Nov-19,9893 
Citywide,Ages 0-4 years,Dec-19,12560 
Citywide,Ages 0-4 years,Jan-20,10344 
Citywide,Ages 0-4 years,Feb-20,7632 
Citywide,Ages 0-4 years,Mar-20,3091 
Citywide,Ages 5-17 years,Jan-16,5235 
Citywide,Ages 5-17 years,Feb-16,5743 
Citywide,Ages 5-17 years,Mar-16,7249 
Citywide,Ages 5-17 years,Apr-16,4903 
Citywide,Ages 5-17 years,May-16,3967 
Citywide,Ages 5-17 years,Jun-16,2942 
Citywide,Ages 5-17 years,Jul-16,2250 
Citywide,Ages 5-17 years,Aug-16,2206 
Citywide,Ages 5-17 years,Sep-16,3701 
Citywide,Ages 5-17 years,Oct-16,4723 
Citywide,Ages 5-17 years,Nov-16,5429 
Citywide,Ages 5-17 years,Dec-16,8758 
Citywide,Ages 5-17 years,Jan-17,8898 
Citywide,Ages 5-17 years,Feb-17,5698 
Citywide,Ages 5-17 years,Mar-17,4784 
Citywide,Ages 5-17 years,Apr-17,4460 
Citywide,Ages 5-17 years,May-17,5442 
Citywide,Ages 5-17 years,Jun-17,2976 
Citywide,Ages 5-17 years,Jul-17,1841 
Citywide,Ages 5-17 years,Aug-17,1776 
Citywide,Ages 5-17 years,Sep-17,3240 
Citywide,Ages 5-17 years,Oct-17,4292 
Citywide,Ages 5-17 years,Nov-17,5439 
Citywide,Ages 5-17 years,Dec-17,6837 
Citywide,Ages 5-17 years,Jan-18,8863 
Citywide,Ages 5-17 years,Feb-18,11734 
Citywide,Ages 5-17 years,Mar-18,4896 
Citywide,Ages 5-17 years,Apr-18,3511 
Citywide,Ages 5-17 years,May-18,5270 
Citywide,Ages 5-17 years,Jun-18,2468 
Citywide,Ages 5-17 years,Jul-18,1485 
Citywide,Ages 5-17 years,Aug-18,1563 
Citywide,Ages 5-17 years,Sep-18,3633 
Citywide,Ages 5-17 years,Oct-18,5638 
Citywide,Ages 5-17 years,Nov-18,5680 
Citywide,Ages 5-17 years,Dec-18,7330 
Citywide,Ages 5-17 years,Jan-19,6282 
Citywide,Ages 5-17 years,Feb-19,5880 
Citywide,Ages 5-17 years,Mar-19,5040 
Citywide,Ages 5-17 years,Apr-19,4357 
Citywide,Ages 5-17 years,May-19,4376 
Citywide,Ages 5-17 years,Jun-19,2752 
Citywide,Ages 5-17 years,Jul-19,1720 
Citywide,Ages 5-17 years,Aug-19,1243 
Citywide,Ages 5-17 years,Sep-19,3493 
Citywide,Ages 5-17 years,Oct-19,3291 
Citywide,Ages 5-17 years,Nov-19,4845 
Citywide,Ages 5-17 years,Dec-19,7679 
Citywide,Ages 5-17 years,Jan-20,9156 
Citywide,Ages 5-17 years,Feb-20,6559 
Citywide,Ages 5-17 years,Mar-20,2867 
Citywide,Ages 18-64 years,Jan-16,17613 
Citywide,Ages 18-64 years,Feb-16,20394 
Citywide,Ages 18-64 years,Mar-16,21769 
Citywide,Ages 18-64 years,Apr-16,16130 
Citywide,Ages 18-64 years,May-16,15865 
Citywide,Ages 18-64 years,Jun-16,14502 
Citywide,Ages 18-64 years,Jul-16,13662 
Citywide,Ages 18-64 years,Aug-16,14662 
Citywide,Ages 18-64 years,Sep-16,15157 
Citywide,Ages 18-64 years,Oct-16,17866 
Citywide,Ages 18-64 years,Nov-16,16984 
Citywide,Ages 18-64 years,Dec-16,20739 
Citywide,Ages 18-64 years,Jan-17,24467 
Citywide,Ages 18-64 years,Feb-17,18461 
Citywide,Ages 18-64 years,Mar-17,18183 
Citywide,Ages 18-64 years,Apr-17,17965 
Citywide,Ages 18-64 years,May-17,18574 
Citywide,Ages 18-64 years,Jun-17,15948 
Citywide,Ages 18-64 years,Jul-17,14207 
Citywide,Ages 18-64 years,Aug-17,14944 
Citywide,Ages 18-64 years,Sep-17,16246 
Citywide,Ages 18-64 years,Oct-17,17119 
Citywide,Ages 18-64 years,Nov-17,19341 
Citywide,Ages 18-64 years,Dec-17,20670 
Citywide,Ages 18-64 years,Jan-18,29319 
Citywide,Ages 18-64 years,Feb-18,25668 
Citywide,Ages 18-64 years,Mar-18,17202 
Citywide,Ages 18-64 years,Apr-18,16061 
Citywide,Ages 18-64 years,May-18,17261 
Citywide,Ages 18-64 years,Jun-18,14914 
Citywide,Ages 18-64 years,Jul-18,13049 
Citywide,Ages 18-64 years,Aug-18,13101 
Citywide,Ages 18-64 years,Sep-18,15122 
Citywide,Ages 18-64 years,Oct-18,18850 
Citywide,Ages 18-64 years,Nov-18,16620 
Citywide,Ages 18-64 years,Dec-18,20286 
Citywide,Ages 18-64 years,Jan-19,23015 
Citywide,Ages 18-64 years,Feb-19,19363 
Citywide,Ages 18-64 years,Mar-19,18347 
Citywide,Ages 18-64 years,Apr-19,16491 
Citywide,Ages 18-64 years,May-19,16763 
Citywide,Ages 18-64 years,Jun-19,14393 
Citywide,Ages 18-64 years,Jul-19,12571 
Citywide,Ages 18-64 years,Aug-19,10378 
Citywide,Ages 18-64 years,Sep-19,15133 
Citywide,Ages 18-64 years,Oct-19,15750 
Citywide,Ages 18-64 years,Nov-19,16124 
Citywide,Ages 18-64 years,Dec-19,22907 
Citywide,Ages 18-64 years,Jan-20,29337 
Citywide,Ages 18-64 years,Feb-20,22389 
Citywide,Ages 18-64 years,Mar-20,12202 
Citywide,Ages 65+ years,Jan-16,7453 
Citywide,Ages 65+ years,Feb-16,7543 
Citywide,Ages 65+ years,Mar-16,8233 
Citywide,Ages 65+ years,Apr-16,7021 
Citywide,Ages 65+ years,May-16,7637 
Citywide,Ages 65+ years,Jun-16,7028 
Citywide,Ages 65+ years,Jul-16,6626 
Citywide,Ages 65+ years,Aug-16,6384 
Citywide,Ages 65+ years,Sep-16,6593 
Citywide,Ages 65+ years,Oct-16,7966 
Citywide,Ages 65+ years,Nov-16,7769 
Citywide,Ages 65+ years,Dec-16,9303 
Citywide,Ages 65+ years,Jan-17,11136 
Citywide,Ages 65+ years,Feb-17,8730 
Citywide,Ages 65+ years,Mar-17,8311 
Citywide,Ages 65+ years,Apr-17,8810 
Citywide,Ages 65+ years,May-17,8767 
Citywide,Ages 65+ years,Jun-17,8013 
Citywide,Ages 65+ years,Jul-17,7103 
Citywide,Ages 65+ years,Aug-17,7141 
Citywide,Ages 65+ years,Sep-17,7571 
Citywide,Ages 65+ years,Oct-17,7986 
Citywide,Ages 65+ years,Nov-17,7766 
Citywide,Ages 65+ years,Dec-17,9363 
Citywide,Ages 65+ years,Jan-18,12411 
Citywide,Ages 65+ years,Feb-18,10153 
Citywide,Ages 65+ years,Mar-18,8298 
Citywide,Ages 65+ years,Apr-18,8043 
Citywide,Ages 65+ years,May-18,8374 
Citywide,Ages 65+ years,Jun-18,7494 
Citywide,Ages 65+ years,Jul-18,7011 
Citywide,Ages 65+ years,Aug-18,6776 
Citywide,Ages 65+ years,Sep-18,7230 
Citywide,Ages 65+ years,Oct-18,8999 
Citywide,Ages 65+ years,Nov-18,7838 
Citywide,Ages 65+ years,Dec-18,9008 
Citywide,Ages 65+ years,Jan-19,10059 
Citywide,Ages 65+ years,Feb-19,8684 
Citywide,Ages 65+ years,Mar-19,9156 
Citywide,Ages 65+ years,Apr-19,8773 
Citywide,Ages 65+ years,May-19,9023 
Citywide,Ages 65+ years,Jun-19,8127 
Citywide,Ages 65+ years,Jul-19,6960 
Citywide,Ages 65+ years,Aug-19,5695 
Citywide,Ages 65+ years,Sep-19,7422 
Citywide,Ages 65+ years,Oct-19,7934 
Citywide,Ages 65+ years,Nov-19,7717 
Citywide,Ages 65+ years,Dec-19,9514 
Citywide,Ages 65+ years,Jan-20,11306 
Citywide,Ages 65+ years,Feb-20,8735 
Citywide,Ages 65+ years,Mar-20,3720 
