,race,city,eoe,call
0,w,c,1.0,0.0
1,w,c,1.0,0.0
2,b,c,1.0,0.0
3,b,c,1.0,0.0
4,w,c,1.0,0.0
5,w,c,1.0,0.0
6,w,c,1.0,0.0
7,b,c,1.0,0.0
8,b,c,1.0,0.0
9,b,c,1.0,0.0
10,b,c,1.0,0.0
11,w,c,1.0,0.0
12,b,c,1.0,0.0
13,w,c,1.0,0.0
14,b,c,1.0,0.0
15,w,c,1.0,0.0
16,w,c,1.0,0.0
17,b,c,1.0,0.0
18,w,c,0.0,0.0
19,b,c,0.0,0.0
20,b,c,0.0,0.0
21,w,c,0.0,0.0
22,w,c,0.0,0.0
23,w,c,0.0,0.0
24,w,c,0.0,0.0
25,b,c,0.0,0.0
26,b,c,0.0,0.0
27,w,c,0.0,0.0
28,b,c,0.0,0.0
29,b,c,0.0,0.0
30,w,c,0.0,0.0
31,b,c,0.0,0.0
32,w,c,0.0,0.0
33,b,c,0.0,0.0
34,w,c,0.0,0.0
35,w,c,1.0,0.0
36,b,c,1.0,0.0
37,b,c,0.0,0.0
38,b,c,1.0,0.0
39,w,c,0.0,0.0
40,w,c,1.0,0.0
41,b,c,0.0,0.0
42,w,c,0.0,0.0
43,w,c,0.0,0.0
44,b,c,0.0,0.0
45,b,c,0.0,0.0
46,w,c,0.0,0.0
47,b,c,0.0,0.0
48,w,c,0.0,0.0
49,b,c,0.0,0.0
50,b,c,0.0,0.0
51,w,c,0.0,0.0
52,w,c,0.0,0.0
53,b,c,0.0,0.0
54,w,c,0.0,0.0
55,b,c,0.0,0.0
56,w,c,0.0,0.0
57,b,c,0.0,0.0
58,w,c,1.0,0.0
59,b,c,1.0,0.0
60,b,c,1.0,0.0
61,w,c,1.0,0.0
62,w,c,0.0,0.0
63,w,c,1.0,0.0
64,b,c,0.0,0.0
65,b,c,1.0,0.0
66,b,c,1.0,0.0
67,w,c,1.0,0.0
68,b,c,0.0,0.0
69,w,c,0.0,0.0
70,w,c,1.0,0.0
71,b,c,1.0,0.0
72,b,c,0.0,0.0
73,w,c,1.0,0.0
74,w,c,0.0,0.0
75,b,c,1.0,0.0
76,w,c,1.0,0.0
77,b,c,1.0,0.0
78,b,c,1.0,0.0
79,w,c,1.0,0.0
80,b,c,0.0,0.0
81,w,c,0.0,0.0
82,w,c,0.0,0.0
83,b,c,0.0,0.0
84,b,c,0.0,0.0
85,w,c,0.0,1.0
86,w,c,0.0,0.0
87,b,c,1.0,0.0
88,w,c,1.0,0.0
89,w,c,1.0,0.0
90,b,c,0.0,0.0
91,w,c,0.0,0.0
92,b,c,1.0,0.0
93,b,c,0.0,0.0
94,b,c,1.0,0.0
95,w,c,0.0,1.0
96,b,c,0.0,0.0
97,w,c,1.0,0.0
98,b,c,1.0,0.0
99,w,c,1.0,0.0
100,b,c,1.0,0.0
101,w,c,1.0,0.0
102,b,c,0.0,0.0
103,w,c,0.0,0.0
104,w,c,0.0,0.0
105,w,c,1.0,1.0
106,b,c,0.0,0.0
107,b,c,1.0,1.0
108,b,c,0.0,0.0
109,w,c,0.0,0.0
110,w,c,1.0,0.0
111,b,c,1.0,0.0
112,w,c,1.0,0.0
113,b,c,1.0,0.0
114,w,c,1.0,0.0
115,b,c,1.0,0.0
116,w,c,1.0,0.0
117,b,c,1.0,0.0
118,b,c,1.0,0.0
119,w,c,1.0,0.0
120,b,c,1.0,0.0
121,w,c,1.0,0.0
122,w,c,0.0,0.0
123,w,c,0.0,0.0
124,b,c,0.0,0.0
125,b,c,0.0,0.0
126,b,c,0.0,1.0
127,w,c,0.0,1.0
128,b,c,1.0,0.0
129,w,c,1.0,0.0
130,w,c,1.0,0.0
131,b,c,1.0,0.0
132,w,c,1.0,0.0
133,b,c,1.0,0.0
134,w,c,0.0,0.0
135,w,c,0.0,0.0
136,b,c,0.0,0.0
137,b,c,0.0,0.0
138,b,c,1.0,0.0
139,w,c,1.0,0.0
140,w,c,1.0,0.0
141,b,c,0.0,0.0
142,b,c,1.0,0.0
143,w,c,0.0,0.0
144,b,c,0.0,0.0
145,w,c,0.0,0.0
146,w,c,1.0,0.0
147,w,c,1.0,0.0
148,b,c,1.0,0.0
149,b,c,1.0,0.0
150,w,c,0.0,0.0
151,b,c,0.0,0.0
152,w,c,0.0,0.0
153,b,c,0.0,0.0
154,b,c,0.0,0.0
155,w,c,0.0,0.0
156,b,c,0.0,0.0
157,w,c,0.0,0.0
158,b,c,0.0,0.0
159,b,c,0.0,0.0
160,w,c,0.0,0.0
161,b,c,0.0,0.0
162,w,c,0.0,0.0
163,w,c,0.0,0.0
164,w,c,0.0,0.0
165,w,c,1.0,1.0
166,b,c,1.0,0.0
167,b,c,0.0,0.0
168,w,c,1.0,1.0
169,w,c,0.0,0.0
170,b,c,0.0,0.0
171,b,c,1.0,1.0
172,b,b,1.0,0.0
173,w,b,1.0,0.0
174,w,b,1.0,0.0
175,w,b,0.0,0.0
176,w,b,0.0,0.0
177,w,b,0.0,0.0
178,w,b,1.0,0.0
179,w,b,0.0,0.0
180,b,b,0.0,0.0
181,w,b,1.0,0.0
182,w,b,1.0,0.0
183,w,b,1.0,0.0
184,b,b,1.0,0.0
185,b,b,0.0,0.0
186,b,b,1.0,0.0
187,b,b,0.0,0.0
188,b,b,1.0,0.0
189,b,b,0.0,0.0
190,b,b,1.0,0.0
191,w,b,0.0,0.0
192,w,b,1.0,0.0
193,b,b,1.0,0.0
194,w,b,1.0,0.0
195,w,b,0.0,0.0
196,b,b,1.0,0.0
197,b,b,1.0,0.0
198,b,b,0.0,0.0
199,b,b,0.0,0.0
200,b,c,1.0,1.0
201,w,c,1.0,1.0
202,w,c,0.0,0.0
203,b,c,0.0,0.0
204,w,c,0.0,0.0
205,b,c,0.0,0.0
206,w,c,0.0,0.0
207,b,c,0.0,0.0
208,b,c,0.0,0.0
209,w,c,0.0,0.0
210,w,c,0.0,1.0
211,b,c,0.0,0.0
212,b,c,0.0,0.0
213,w,c,0.0,0.0
214,w,c,0.0,0.0
215,w,c,0.0,0.0
216,b,c,0.0,0.0
217,b,c,0.0,0.0
218,b,c,0.0,0.0
219,w,c,0.0,0.0
220,w,c,0.0,0.0
221,w,c,0.0,0.0
222,b,c,0.0,0.0
223,b,c,0.0,0.0
224,b,c,0.0,0.0
225,w,c,0.0,0.0
226,b,c,0.0,0.0
227,w,c,0.0,0.0
228,w,c,0.0,0.0
229,w,c,0.0,0.0
230,b,c,0.0,0.0
231,b,c,0.0,0.0
232,w,c,0.0,0.0
233,w,c,0.0,0.0
234,b,c,0.0,0.0
235,b,c,0.0,0.0
236,b,c,0.0,0.0
237,w,c,0.0,0.0
238,w,c,0.0,0.0
239,b,c,0.0,0.0
240,b,c,0.0,0.0
241,w,c,0.0,0.0
242,b,c,0.0,0.0
243,w,c,0.0,0.0
244,b,c,0.0,0.0
245,w,c,0.0,0.0
246,w,c,0.0,0.0
247,w,c,0.0,1.0
248,b,c,0.0,0.0
249,b,c,0.0,0.0
250,w,c,0.0,0.0
251,b,c,0.0,0.0
252,w,c,0.0,0.0
253,b,c,0.0,0.0
254,b,c,0.0,0.0
255,w,c,0.0,0.0
256,b,c,0.0,0.0
257,w,c,0.0,0.0
258,w,c,0.0,0.0
259,b,c,0.0,1.0
260,w,c,1.0,0.0
261,b,c,0.0,0.0
262,w,c,0.0,0.0
263,b,c,1.0,0.0
264,w,c,0.0,0.0
265,b,c,0.0,0.0
266,w,c,0.0,0.0
267,w,c,0.0,1.0
268,b,c,0.0,0.0
269,b,c,0.0,1.0
270,w,c,1.0,1.0
271,b,c,1.0,1.0
272,w,c,1.0,1.0
273,b,c,1.0,0.0
274,b,c,0.0,0.0
275,w,c,1.0,0.0
276,w,c,1.0,0.0
277,w,c,0.0,0.0
278,b,c,1.0,0.0
279,b,c,1.0,0.0
280,b,c,0.0,0.0
281,w,c,0.0,0.0
282,w,c,0.0,0.0
283,w,c,1.0,0.0
284,b,c,0.0,0.0
285,b,c,1.0,0.0
286,b,c,0.0,0.0
287,b,c,0.0,0.0
288,w,c,0.0,0.0
289,w,c,0.0,0.0
290,b,c,0.0,0.0
291,w,c,0.0,0.0
292,w,c,0.0,0.0
293,w,c,0.0,0.0
294,b,c,0.0,0.0
295,b,c,0.0,0.0
296,w,c,1.0,0.0
297,w,c,1.0,0.0
298,b,c,1.0,0.0
299,b,c,1.0,0.0
300,w,c,1.0,0.0
301,w,c,1.0,0.0
302,b,c,1.0,0.0
303,b,c,1.0,0.0
304,b,c,0.0,0.0
305,w,c,0.0,0.0
306,b,c,0.0,0.0
307,w,c,0.0,0.0
308,w,c,0.0,0.0
309,b,c,0.0,0.0
310,w,c,0.0,0.0
311,w,c,0.0,0.0
312,b,c,0.0,0.0
313,b,c,0.0,0.0
314,w,c,0.0,0.0
315,b,c,0.0,0.0
316,w,c,0.0,0.0
317,w,c,0.0,0.0
318,b,c,0.0,0.0
319,b,c,0.0,0.0
320,b,c,0.0,0.0
321,w,c,0.0,0.0
322,b,c,0.0,0.0
323,w,c,0.0,0.0
324,w,c,0.0,0.0
325,w,c,0.0,0.0
326,b,c,0.0,0.0
327,w,c,0.0,0.0
328,b,c,0.0,0.0
329,b,c,0.0,0.0
330,w,c,0.0,0.0
331,b,c,0.0,0.0
332,w,c,0.0,0.0
333,w,c,0.0,0.0
334,b,c,0.0,0.0
335,b,c,0.0,0.0
336,w,c,0.0,0.0
337,b,c,0.0,0.0
338,b,c,0.0,0.0
339,w,c,0.0,0.0
340,w,c,0.0,0.0
341,b,c,0.0,0.0
342,w,c,0.0,0.0
343,w,c,0.0,0.0
344,b,c,0.0,0.0
345,b,c,0.0,0.0
346,w,c,0.0,0.0
347,b,c,0.0,0.0
348,w,c,0.0,1.0
349,b,c,0.0,0.0
350,w,c,0.0,0.0
351,w,c,0.0,0.0
352,b,c,0.0,0.0
353,b,c,0.0,0.0
354,b,b,0.0,0.0
355,b,b,0.0,0.0
356,w,b,0.0,0.0
357,w,b,1.0,0.0
358,w,b,0.0,0.0
359,b,b,1.0,0.0
360,w,b,0.0,0.0
361,w,b,1.0,0.0
362,w,b,0.0,0.0
363,w,b,0.0,0.0
364,b,b,1.0,0.0
365,w,b,0.0,0.0
366,b,b,0.0,0.0
367,b,b,0.0,0.0
368,b,b,0.0,0.0
369,b,b,0.0,0.0
370,b,b,0.0,0.0
371,w,b,0.0,0.0
372,w,b,0.0,0.0
373,w,b,0.0,0.0
374,b,b,0.0,0.0
375,b,b,0.0,0.0
376,w,b,0.0,0.0
377,b,b,0.0,0.0
378,w,b,0.0,0.0
379,b,b,0.0,0.0
380,b,b,0.0,0.0
381,w,b,0.0,0.0
382,w,b,1.0,1.0
383,b,b,1.0,1.0
384,w,b,1.0,0.0
385,b,b,1.0,0.0
386,w,b,1.0,0.0
387,b,b,1.0,0.0
388,w,b,1.0,1.0
389,b,b,1.0,0.0
390,w,b,0.0,0.0
391,b,b,0.0,0.0
392,w,b,0.0,0.0
393,b,b,0.0,0.0
394,b,b,0.0,0.0
395,w,b,0.0,0.0
396,w,b,0.0,0.0
397,b,b,0.0,0.0
398,w,b,0.0,0.0
399,w,b,0.0,0.0
400,b,b,0.0,0.0
401,b,b,0.0,0.0
402,w,b,0.0,0.0
403,b,b,0.0,0.0
404,w,b,0.0,0.0
405,b,b,0.0,0.0
406,w,b,0.0,0.0
407,b,b,0.0,0.0
408,b,b,0.0,0.0
409,w,b,0.0,0.0
410,w,b,0.0,0.0
411,b,b,0.0,0.0
412,b,b,0.0,0.0
413,w,b,0.0,1.0
414,w,b,0.0,0.0
415,b,b,0.0,0.0
416,b,b,0.0,0.0
417,w,b,0.0,0.0
418,w,b,0.0,0.0
419,b,b,0.0,0.0
420,w,b,0.0,0.0
421,b,b,0.0,0.0
422,w,b,0.0,0.0
423,b,b,0.0,0.0
424,w,b,0.0,0.0
425,w,b,0.0,0.0
426,b,b,0.0,1.0
427,b,b,0.0,1.0
428,w,b,0.0,0.0
429,b,b,0.0,0.0
430,w,b,0.0,0.0
431,b,b,0.0,0.0
432,w,b,0.0,0.0
433,w,b,0.0,0.0
434,b,b,0.0,0.0
435,b,b,0.0,0.0
436,w,b,0.0,0.0
437,w,b,0.0,0.0
438,b,b,0.0,0.0
439,b,b,0.0,0.0
440,w,b,1.0,0.0
441,b,b,1.0,0.0
442,w,b,1.0,1.0
443,b,b,1.0,0.0
444,b,c,1.0,0.0
445,w,c,1.0,0.0
446,b,c,1.0,0.0
447,w,c,1.0,1.0
448,w,c,0.0,0.0
449,w,c,0.0,0.0
450,b,c,0.0,0.0
451,b,c,0.0,0.0
452,b,c,0.0,0.0
453,w,c,0.0,0.0
454,b,c,0.0,0.0
455,w,c,0.0,0.0
456,w,c,1.0,0.0
457,w,c,1.0,0.0
458,b,c,1.0,0.0
459,b,c,1.0,0.0
460,w,c,0.0,0.0
461,w,c,0.0,0.0
462,b,c,0.0,0.0
463,b,c,0.0,0.0
464,b,c,0.0,0.0
465,w,c,0.0,0.0
466,b,c,0.0,0.0
467,w,c,0.0,0.0
468,w,c,0.0,0.0
469,b,c,0.0,0.0
470,w,c,0.0,0.0
471,b,c,0.0,0.0
472,w,c,0.0,1.0
473,b,c,0.0,0.0
474,b,c,0.0,1.0
475,w,c,0.0,1.0
476,b,c,0.0,1.0
477,w,c,0.0,1.0
478,b,c,0.0,1.0
479,w,c,0.0,1.0
480,w,c,0.0,0.0
481,b,c,0.0,0.0
482,b,c,0.0,0.0
483,w,c,0.0,0.0
484,w,c,0.0,0.0
485,b,c,0.0,0.0
486,w,c,0.0,0.0
487,b,c,0.0,0.0
488,w,c,0.0,0.0
489,w,c,0.0,0.0
490,b,c,0.0,0.0
491,b,c,0.0,0.0
492,w,c,1.0,0.0
493,w,c,1.0,0.0
494,b,c,0.0,0.0
495,w,c,0.0,0.0
496,b,c,0.0,0.0
497,b,c,1.0,0.0
498,b,c,1.0,0.0
499,w,c,0.0,0.0
500,w,c,1.0,0.0
501,w,c,1.0,0.0
502,b,c,1.0,0.0
503,b,c,1.0,0.0
504,b,c,1.0,0.0
505,w,c,1.0,0.0
506,w,c,1.0,0.0
507,b,c,1.0,0.0
508,b,c,0.0,0.0
509,w,c,0.0,0.0
510,w,c,0.0,0.0
511,b,c,0.0,0.0
512,w,c,0.0,0.0
513,b,c,0.0,0.0
514,w,c,0.0,0.0
515,b,c,0.0,0.0
516,w,c,0.0,0.0
517,b,c,0.0,0.0
518,w,c,0.0,0.0
519,b,c,0.0,0.0
520,w,c,0.0,0.0
521,b,c,0.0,0.0
522,w,c,1.0,0.0
523,b,c,1.0,0.0
524,w,c,1.0,0.0
525,b,c,1.0,0.0
526,w,c,0.0,0.0
527,w,c,0.0,0.0
528,b,c,0.0,0.0
529,b,c,0.0,0.0
530,w,c,1.0,0.0
531,b,c,1.0,0.0
532,b,c,1.0,0.0
533,w,c,1.0,0.0
534,b,c,0.0,0.0
535,w,c,0.0,0.0
536,w,c,0.0,0.0
537,b,c,0.0,0.0
538,w,c,0.0,0.0
539,b,c,0.0,0.0
540,b,c,0.0,0.0
541,b,c,0.0,0.0
542,w,c,0.0,0.0
543,w,c,0.0,0.0
544,b,b,1.0,0.0
545,w,b,1.0,0.0
546,w,b,1.0,0.0
547,w,b,0.0,0.0
548,w,b,0.0,0.0
549,w,b,0.0,0.0
550,w,b,0.0,0.0
551,b,b,1.0,0.0
552,w,b,0.0,0.0
553,w,b,0.0,0.0
554,w,b,0.0,0.0
555,b,b,0.0,0.0
556,b,b,0.0,0.0
557,w,b,0.0,0.0
558,b,b,0.0,0.0
559,b,b,1.0,0.0
560,b,b,0.0,0.0
561,b,b,0.0,0.0
562,b,b,0.0,0.0
563,b,b,0.0,0.0
564,w,b,0.0,0.0
565,w,b,1.0,0.0
566,w,b,1.0,0.0
567,b,b,0.0,0.0
568,b,b,1.0,0.0
569,b,b,0.0,0.0
570,w,b,0.0,0.0
571,b,b,0.0,0.0
572,w,b,1.0,0.0
573,b,b,1.0,0.0
574,b,b,1.0,0.0
575,w,b,1.0,0.0
576,b,b,0.0,1.0
577,w,b,0.0,1.0
578,b,b,0.0,0.0
579,w,b,0.0,0.0
580,b,b,0.0,0.0
581,b,b,0.0,0.0
582,w,b,0.0,1.0
583,w,b,0.0,0.0
584,b,b,1.0,0.0
585,w,b,1.0,0.0
586,w,b,1.0,0.0
587,b,b,1.0,0.0
588,w,b,0.0,0.0
589,b,b,0.0,0.0
590,w,b,0.0,0.0
591,b,b,0.0,0.0
592,w,b,0.0,1.0
593,b,b,0.0,0.0
594,b,b,0.0,0.0
595,w,b,0.0,1.0
596,w,b,0.0,0.0
597,w,b,0.0,0.0
598,b,b,0.0,0.0
599,b,b,0.0,0.0
600,w,b,0.0,1.0
601,w,b,0.0,0.0
602,b,b,0.0,0.0
603,b,b,0.0,0.0
604,b,c,1.0,0.0
605,w,c,1.0,0.0
606,w,c,1.0,0.0
607,b,c,1.0,0.0
608,w,c,0.0,0.0
609,b,c,0.0,0.0
610,b,c,0.0,0.0
611,w,c,0.0,0.0
612,w,c,0.0,0.0
613,b,c,0.0,0.0
614,b,c,0.0,0.0
615,w,c,0.0,0.0
616,w,c,0.0,0.0
617,b,c,0.0,0.0
618,b,c,0.0,0.0
619,w,c,0.0,0.0
620,b,c,0.0,0.0
621,w,c,0.0,0.0
622,w,c,0.0,0.0
623,b,c,0.0,0.0
624,w,c,0.0,0.0
625,b,c,0.0,0.0
626,w,c,0.0,0.0
627,b,c,0.0,0.0
628,b,c,0.0,0.0
629,w,c,0.0,0.0
630,w,c,0.0,0.0
631,b,c,0.0,0.0
632,w,c,0.0,0.0
633,b,c,0.0,0.0
634,b,c,0.0,0.0
635,w,c,0.0,0.0
636,b,c,1.0,0.0
637,b,c,1.0,0.0
638,w,c,1.0,0.0
639,w,c,1.0,0.0
640,w,c,0.0,0.0
641,w,c,0.0,0.0
642,b,c,0.0,0.0
643,b,c,0.0,0.0
644,w,c,1.0,0.0
645,w,c,1.0,0.0
646,b,c,1.0,0.0
647,b,c,1.0,0.0
648,w,c,0.0,0.0
649,w,c,1.0,0.0
650,b,c,1.0,0.0
651,b,c,0.0,0.0
652,w,c,1.0,0.0
653,b,c,1.0,0.0
654,w,c,1.0,0.0
655,w,c,1.0,0.0
656,b,c,1.0,0.0
657,b,c,1.0,0.0
658,w,c,1.0,0.0
659,b,c,1.0,0.0
660,w,c,1.0,0.0
661,b,c,1.0,0.0
662,w,c,0.0,0.0
663,b,c,0.0,0.0
664,w,c,0.0,0.0
665,b,c,0.0,0.0
666,w,c,1.0,0.0
667,b,c,1.0,0.0
668,w,c,1.0,0.0
669,b,c,1.0,0.0
670,w,c,0.0,0.0
671,b,c,0.0,0.0
672,w,c,0.0,0.0
673,b,c,0.0,0.0
674,w,c,1.0,0.0
675,b,c,1.0,0.0
676,b,c,1.0,0.0
677,w,c,1.0,0.0
678,w,c,1.0,0.0
679,b,c,1.0,0.0
680,w,c,1.0,0.0
681,b,c,1.0,0.0
682,w,c,0.0,0.0
683,b,c,0.0,0.0
684,b,c,0.0,0.0
685,w,c,0.0,0.0
686,b,c,0.0,0.0
687,w,c,0.0,0.0
688,w,c,0.0,0.0
689,b,c,0.0,0.0
690,w,c,0.0,0.0
691,b,c,0.0,0.0
692,w,c,0.0,0.0
693,b,c,0.0,0.0
694,b,b,0.0,0.0
695,w,b,0.0,0.0
696,w,b,1.0,0.0
697,w,b,0.0,0.0
698,w,b,0.0,0.0
699,w,b,0.0,0.0
700,w,b,0.0,0.0
701,w,b,1.0,0.0
702,w,b,0.0,0.0
703,w,b,0.0,0.0
704,b,b,0.0,0.0
705,w,b,0.0,0.0
706,w,b,1.0,0.0
707,b,b,0.0,0.0
708,w,b,0.0,0.0
709,b,b,1.0,0.0
710,b,b,0.0,0.0
711,b,b,1.0,0.0
712,b,b,1.0,0.0
713,b,b,0.0,0.0
714,b,b,0.0,0.0
715,b,b,0.0,0.0
716,w,b,0.0,0.0
717,b,b,0.0,0.0
718,w,b,0.0,0.0
719,b,b,1.0,0.0
720,w,b,1.0,0.0
721,w,b,0.0,0.0
722,b,b,0.0,0.0
723,b,b,0.0,0.0
724,b,b,0.0,0.0
725,b,b,0.0,0.0
726,w,b,0.0,0.0
727,b,b,0.0,0.0
728,w,b,0.0,0.0
729,b,b,0.0,0.0
730,b,b,1.0,0.0
731,w,b,1.0,0.0
732,b,b,1.0,0.0
733,w,b,1.0,0.0
734,w,b,0.0,1.0
735,b,b,0.0,1.0
736,w,b,0.0,0.0
737,b,b,0.0,0.0
738,w,b,0.0,0.0
739,b,b,0.0,0.0
740,w,b,0.0,0.0
741,b,b,0.0,0.0
742,b,c,1.0,0.0
743,w,c,1.0,0.0
744,w,c,1.0,0.0
745,b,c,1.0,0.0
746,w,c,0.0,0.0
747,b,c,0.0,0.0
748,w,c,1.0,0.0
749,b,c,1.0,0.0
750,b,c,1.0,0.0
751,w,c,1.0,0.0
752,w,c,0.0,0.0
753,w,c,0.0,0.0
754,b,c,0.0,0.0
755,b,c,0.0,0.0
756,w,c,0.0,1.0
757,b,c,0.0,0.0
758,w,c,0.0,1.0
759,b,c,0.0,0.0
760,w,c,0.0,0.0
761,w,c,0.0,0.0
762,b,c,0.0,0.0
763,b,c,0.0,0.0
764,b,c,0.0,1.0
765,w,c,0.0,1.0
766,w,c,0.0,0.0
767,b,c,0.0,0.0
768,b,c,0.0,0.0
769,b,c,0.0,0.0
770,w,c,0.0,0.0
771,w,c,0.0,0.0
772,w,c,1.0,0.0
773,b,c,1.0,0.0
774,w,c,0.0,0.0
775,b,c,0.0,0.0
776,w,c,1.0,0.0
777,b,c,1.0,0.0
778,b,c,1.0,0.0
779,w,c,1.0,0.0
780,b,c,0.0,0.0
781,w,c,0.0,0.0
782,b,c,0.0,0.0
783,w,c,0.0,0.0
784,w,c,0.0,0.0
785,b,c,0.0,0.0
786,w,c,0.0,0.0
787,b,c,0.0,0.0
788,w,c,0.0,0.0
789,b,c,0.0,0.0
790,w,c,0.0,0.0
791,b,c,0.0,0.0
792,b,c,0.0,0.0
793,w,c,0.0,0.0
794,b,c,1.0,0.0
795,w,c,1.0,0.0
796,w,c,0.0,0.0
797,w,c,0.0,0.0
798,b,c,0.0,0.0
799,b,c,0.0,0.0
800,w,c,0.0,0.0
801,w,c,0.0,0.0
802,b,c,0.0,0.0
803,b,c,0.0,0.0
804,b,c,0.0,0.0
805,w,c,0.0,0.0
806,w,c,0.0,1.0
807,b,c,0.0,0.0
808,b,c,0.0,0.0
809,w,c,0.0,0.0
810,w,c,0.0,0.0
811,b,c,0.0,0.0
812,w,c,0.0,0.0
813,w,c,0.0,0.0
814,b,c,0.0,0.0
815,b,c,0.0,0.0
816,w,c,1.0,0.0
817,b,c,1.0,0.0
818,w,c,1.0,0.0
819,b,c,1.0,0.0
820,w,c,0.0,1.0
821,w,c,0.0,0.0
822,b,c,0.0,0.0
823,b,c,0.0,0.0
824,w,c,0.0,0.0
825,w,c,0.0,0.0
826,b,c,0.0,0.0
827,b,c,0.0,0.0
828,w,b,1.0,0.0
829,w,b,0.0,0.0
830,w,b,1.0,0.0
831,w,b,1.0,0.0
832,w,b,0.0,0.0
833,w,b,1.0,0.0
834,w,b,0.0,0.0
835,w,b,1.0,0.0
836,w,b,1.0,0.0
837,b,b,0.0,0.0
838,b,b,1.0,0.0
839,b,b,0.0,0.0
840,b,b,1.0,0.0
841,w,b,0.0,0.0
842,b,b,0.0,0.0
843,b,b,1.0,0.0
844,b,b,0.0,0.0
845,b,b,0.0,0.0
846,b,b,0.0,0.0
847,b,b,1.0,0.0
848,b,b,1.0,0.0
849,w,b,0.0,0.0
850,w,b,0.0,0.0
851,w,b,0.0,0.0
852,w,b,0.0,0.0
853,w,b,0.0,0.0
854,w,b,0.0,0.0
855,b,b,0.0,0.0
856,b,b,0.0,0.0
857,b,b,1.0,0.0
858,b,b,0.0,0.0
859,b,b,0.0,0.0
860,w,b,0.0,0.0
861,w,b,0.0,0.0
862,b,b,0.0,0.0
863,b,b,0.0,0.0
864,w,b,0.0,0.0
865,b,b,0.0,0.0
866,w,b,0.0,0.0
867,b,b,0.0,0.0
868,w,b,0.0,0.0
869,b,b,0.0,0.0
870,w,b,0.0,0.0
871,b,b,0.0,0.0
872,w,b,0.0,0.0
873,b,b,0.0,0.0
874,w,b,0.0,0.0
875,b,b,0.0,0.0
876,w,b,0.0,0.0
877,b,b,0.0,0.0
878,b,b,0.0,0.0
879,w,b,0.0,0.0
880,w,b,1.0,0.0
881,w,b,1.0,0.0
882,b,b,1.0,0.0
883,b,b,1.0,0.0
884,b,c,1.0,0.0
885,w,c,1.0,1.0
886,w,c,1.0,1.0
887,b,c,1.0,0.0
888,w,c,1.0,1.0
889,b,c,1.0,0.0
890,b,c,0.0,0.0
891,w,c,0.0,0.0
892,b,c,0.0,0.0
893,w,c,0.0,0.0
894,w,c,0.0,0.0
895,b,c,0.0,0.0
896,b,c,0.0,0.0
897,w,c,0.0,1.0
898,b,c,0.0,0.0
899,w,c,0.0,0.0
900,w,c,0.0,0.0
901,b,c,0.0,0.0
902,w,c,0.0,0.0
903,b,c,0.0,0.0
904,w,c,0.0,0.0
905,b,c,0.0,0.0
906,w,c,0.0,0.0
907,b,c,0.0,0.0
908,b,c,0.0,0.0
909,w,c,0.0,1.0
910,w,c,0.0,1.0
911,b,c,0.0,0.0
912,w,c,0.0,0.0
913,b,c,0.0,0.0
914,w,c,0.0,0.0
915,b,c,0.0,0.0
916,b,c,0.0,0.0
917,w,c,0.0,0.0
918,w,c,0.0,0.0
919,w,c,0.0,0.0
920,b,c,0.0,0.0
921,b,c,0.0,0.0
922,w,c,1.0,0.0
923,b,c,1.0,0.0
924,w,c,1.0,1.0
925,b,c,1.0,1.0
926,w,c,1.0,0.0
927,w,c,1.0,0.0
928,b,c,1.0,0.0
929,b,c,1.0,0.0
930,b,c,0.0,0.0
931,w,c,0.0,0.0
932,w,c,0.0,0.0
933,b,c,0.0,0.0
934,b,c,0.0,0.0
935,w,c,0.0,0.0
936,b,c,0.0,0.0
937,w,c,0.0,0.0
938,w,c,0.0,0.0
939,b,c,0.0,0.0
940,b,c,0.0,0.0
941,w,c,0.0,0.0
942,w,c,0.0,0.0
943,w,c,0.0,0.0
944,b,c,0.0,0.0
945,b,c,0.0,0.0
946,w,c,1.0,0.0
947,w,c,1.0,0.0
948,b,c,1.0,0.0
949,b,c,1.0,0.0
950,b,c,1.0,0.0
951,w,c,1.0,0.0
952,w,c,1.0,1.0
953,b,c,1.0,0.0
954,w,c,0.0,0.0
955,b,c,0.0,0.0
956,w,c,1.0,0.0
957,b,c,1.0,0.0
958,w,c,1.0,0.0
959,b,c,1.0,0.0
960,w,c,0.0,0.0
961,w,c,0.0,0.0
962,b,c,0.0,0.0
963,b,c,0.0,0.0
964,b,c,1.0,0.0
965,w,c,1.0,0.0
966,w,c,1.0,0.0
967,b,c,1.0,0.0
968,w,c,0.0,0.0
969,w,c,0.0,0.0
970,b,c,0.0,0.0
971,b,c,0.0,0.0
972,w,c,0.0,0.0
973,b,c,0.0,0.0
974,w,c,0.0,0.0
975,b,c,0.0,0.0
976,w,c,0.0,1.0
977,b,c,0.0,0.0
978,w,c,0.0,0.0
979,b,c,0.0,0.0
980,w,c,0.0,0.0
981,w,c,0.0,0.0
982,b,c,0.0,0.0
983,b,c,0.0,0.0
984,w,c,0.0,0.0
985,b,c,0.0,0.0
986,b,c,0.0,0.0
987,w,c,0.0,1.0
988,b,c,1.0,1.0
989,w,c,1.0,0.0
990,w,c,0.0,0.0
991,b,c,0.0,0.0
992,w,c,0.0,0.0
993,b,c,0.0,0.0
994,b,c,0.0,0.0
995,b,c,0.0,0.0
996,w,c,0.0,0.0
997,w,c,0.0,0.0
998,w,b,0.0,0.0
999,w,b,0.0,0.0
1000,w,b,0.0,0.0
1001,w,b,1.0,0.0
1002,b,b,0.0,0.0
1003,b,b,0.0,0.0
1004,w,b,1.0,0.0
1005,w,b,0.0,0.0
1006,b,b,0.0,0.0
1007,w,b,0.0,0.0
1008,w,b,0.0,1.0
1009,b,b,0.0,0.0
1010,b,b,1.0,0.0
1011,w,b,0.0,0.0
1012,w,b,0.0,0.0
1013,b,b,1.0,0.0
1014,b,b,1.0,0.0
1015,b,b,0.0,0.0
1016,w,b,1.0,0.0
1017,b,b,1.0,0.0
1018,b,b,0.0,0.0
1019,b,b,0.0,0.0
1020,w,b,0.0,0.0
1021,b,b,0.0,0.0
1022,b,b,1.0,0.0
1023,b,b,0.0,0.0
1024,b,b,1.0,0.0
1025,w,b,0.0,0.0
1026,w,b,0.0,0.0
1027,w,b,1.0,0.0
1028,w,b,1.0,0.0
1029,w,b,0.0,0.0
1030,w,b,0.0,0.0
1031,b,b,0.0,0.0
1032,b,b,0.0,0.0
1033,b,b,0.0,0.0
1034,w,b,1.0,0.0
1035,w,b,0.0,0.0
1036,b,b,0.0,0.0
1037,b,b,0.0,0.0
1038,w,b,0.0,0.0
1039,w,b,0.0,0.0
1040,b,b,0.0,0.0
1041,b,b,0.0,0.0
1042,w,b,0.0,0.0
1043,b,b,0.0,0.0
1044,w,b,0.0,0.0
1045,b,b,0.0,0.0
1046,w,b,1.0,0.0
1047,b,b,1.0,0.0
1048,w,b,1.0,1.0
1049,b,b,1.0,0.0
1050,w,c,0.0,0.0
1051,b,c,0.0,0.0
1052,b,c,0.0,0.0
1053,w,c,0.0,0.0
1054,w,c,1.0,0.0
1055,b,c,1.0,0.0
1056,b,c,1.0,0.0
1057,w,c,1.0,0.0
1058,w,c,0.0,0.0
1059,b,c,0.0,0.0
1060,b,c,0.0,0.0
1061,w,c,0.0,0.0
1062,b,c,0.0,0.0
1063,w,c,0.0,0.0
1064,w,c,0.0,0.0
1065,b,c,0.0,0.0
1066,w,c,0.0,0.0
1067,w,c,0.0,0.0
1068,b,c,0.0,0.0
1069,b,c,0.0,0.0
1070,b,c,0.0,0.0
1071,w,c,0.0,0.0
1072,w,c,0.0,0.0
1073,b,c,0.0,0.0
1074,b,c,0.0,0.0
1075,w,c,0.0,0.0
1076,b,c,0.0,0.0
1077,w,c,0.0,0.0
1078,b,c,0.0,0.0
1079,w,c,0.0,1.0
1080,b,c,0.0,0.0
1081,w,c,0.0,0.0
1082,b,c,0.0,0.0
1083,w,c,0.0,0.0
1084,w,c,0.0,0.0
1085,b,c,0.0,0.0
1086,w,c,1.0,0.0
1087,b,c,1.0,0.0
1088,b,c,1.0,0.0
1089,w,c,1.0,0.0
1090,w,c,0.0,0.0
1091,b,c,0.0,0.0
1092,b,c,0.0,0.0
1093,w,c,0.0,0.0
1094,w,c,1.0,0.0
1095,w,c,1.0,0.0
1096,b,c,1.0,0.0
1097,b,c,1.0,0.0
1098,w,c,0.0,0.0
1099,b,c,0.0,0.0
1100,w,c,0.0,0.0
1101,b,c,0.0,0.0
1102,w,c,0.0,0.0
1103,w,c,0.0,0.0
1104,b,c,0.0,0.0
1105,b,c,0.0,0.0
1106,w,c,1.0,0.0
1107,b,c,1.0,0.0
1108,w,c,1.0,0.0
1109,w,c,1.0,0.0
1110,b,c,1.0,0.0
1111,b,c,1.0,0.0
1112,w,c,1.0,1.0
1113,b,c,1.0,0.0
1114,w,c,1.0,0.0
1115,b,c,1.0,0.0
1116,w,c,1.0,0.0
1117,b,c,1.0,0.0
1118,b,c,0.0,0.0
1119,w,c,0.0,0.0
1120,b,c,0.0,0.0
1121,w,c,0.0,0.0
1122,w,c,0.0,0.0
1123,w,c,0.0,0.0
1124,b,c,0.0,0.0
1125,b,c,0.0,0.0
1126,b,c,1.0,0.0
1127,w,c,1.0,0.0
1128,b,c,1.0,0.0
1129,w,c,1.0,0.0
1130,b,c,1.0,0.0
1131,w,c,1.0,0.0
1132,w,c,1.0,0.0
1133,b,c,1.0,0.0
1134,b,b,1.0,0.0
1135,w,b,1.0,0.0
1136,w,b,0.0,0.0
1137,w,b,0.0,0.0
1138,b,b,0.0,0.0
1139,b,b,0.0,0.0
1140,w,b,0.0,0.0
1141,b,b,0.0,0.0
1142,b,b,0.0,0.0
1143,w,b,0.0,0.0
1144,w,b,0.0,0.0
1145,b,b,0.0,0.0
1146,w,b,0.0,0.0
1147,b,b,0.0,0.0
1148,w,b,0.0,0.0
1149,b,b,1.0,0.0
1150,b,b,0.0,0.0
1151,b,b,0.0,0.0
1152,w,b,1.0,0.0
1153,b,b,0.0,0.0
1154,w,b,0.0,0.0
1155,w,b,0.0,0.0
1156,w,b,0.0,0.0
1157,b,b,0.0,0.0
1158,w,b,0.0,0.0
1159,w,b,0.0,0.0
1160,b,b,0.0,0.0
1161,b,b,0.0,0.0
1162,b,b,0.0,0.0
1163,w,b,0.0,1.0
1164,w,b,0.0,1.0
1165,b,b,0.0,1.0
1166,w,b,0.0,0.0
1167,b,b,0.0,0.0
1168,w,b,0.0,0.0
1169,b,b,0.0,0.0
1170,b,b,0.0,0.0
1171,w,b,0.0,1.0
1172,b,b,0.0,0.0
1173,w,b,0.0,0.0
1174,b,b,0.0,0.0
1175,w,b,0.0,0.0
1176,w,b,0.0,0.0
1177,b,b,0.0,0.0
1178,w,b,0.0,0.0
1179,b,b,0.0,0.0
1180,w,b,0.0,0.0
1181,b,b,0.0,0.0
1182,b,b,0.0,0.0
1183,w,b,0.0,0.0
1184,w,b,0.0,0.0
1185,b,b,0.0,0.0
1186,w,b,0.0,1.0
1187,b,b,0.0,0.0
1188,b,b,0.0,0.0
1189,w,b,0.0,0.0
1190,b,c,0.0,0.0
1191,w,c,0.0,0.0
1192,b,c,0.0,0.0
1193,w,c,0.0,0.0
1194,w,c,1.0,0.0
1195,b,c,1.0,0.0
1196,b,c,1.0,0.0
1197,w,c,1.0,0.0
1198,b,c,0.0,0.0
1199,w,c,0.0,0.0
1200,w,c,0.0,0.0
1201,b,c,0.0,0.0
1202,b,c,0.0,0.0
1203,w,c,0.0,0.0
1204,w,c,0.0,0.0
1205,b,c,0.0,0.0
1206,b,c,0.0,0.0
1207,w,c,0.0,0.0
1208,w,c,0.0,0.0
1209,b,c,0.0,0.0
1210,w,c,0.0,0.0
1211,w,c,0.0,1.0
1212,b,c,0.0,1.0
1213,b,c,0.0,1.0
1214,b,c,0.0,0.0
1215,w,c,0.0,0.0
1216,w,c,0.0,0.0
1217,b,c,0.0,0.0
1218,b,c,0.0,0.0
1219,w,c,0.0,0.0
1220,w,c,0.0,0.0
1221,b,c,0.0,0.0
1222,w,c,1.0,0.0
1223,w,c,1.0,0.0
1224,b,c,1.0,0.0
1225,b,c,1.0,0.0
1226,w,c,1.0,0.0
1227,b,c,1.0,0.0
1228,w,c,1.0,0.0
1229,b,c,1.0,0.0
1230,w,c,0.0,0.0
1231,b,c,0.0,0.0
1232,w,c,0.0,0.0
1233,b,c,0.0,0.0
1234,b,c,1.0,0.0
1235,w,c,1.0,0.0
1236,w,c,1.0,0.0
1237,b,c,1.0,0.0
1238,w,c,0.0,0.0
1239,b,c,0.0,0.0
1240,w,c,1.0,0.0
1241,w,c,1.0,0.0
1242,b,c,1.0,0.0
1243,b,c,1.0,0.0
1244,w,c,0.0,0.0
1245,b,c,0.0,0.0
1246,b,c,0.0,0.0
1247,w,c,0.0,0.0
1248,w,b,1.0,0.0
1249,w,b,0.0,0.0
1250,w,b,1.0,0.0
1251,w,b,0.0,0.0
1252,b,b,0.0,0.0
1253,b,b,0.0,1.0
1254,b,b,1.0,0.0
1255,b,b,1.0,0.0
1256,w,b,0.0,0.0
1257,w,b,0.0,0.0
1258,w,b,0.0,0.0
1259,w,b,1.0,0.0
1260,b,b,0.0,0.0
1261,w,b,0.0,0.0
1262,b,b,0.0,1.0
1263,b,b,1.0,0.0
1264,b,b,0.0,0.0
1265,b,b,0.0,0.0
1266,b,b,0.0,0.0
1267,w,b,1.0,0.0
1268,w,b,0.0,0.0
1269,w,b,0.0,0.0
1270,b,b,0.0,0.0
1271,w,b,0.0,0.0
1272,w,b,0.0,0.0
1273,b,b,0.0,0.0
1274,b,b,0.0,0.0
1275,b,b,1.0,0.0
1276,w,b,0.0,0.0
1277,b,b,0.0,0.0
1278,w,b,0.0,1.0
1279,b,b,0.0,0.0
1280,w,b,0.0,0.0
1281,b,b,0.0,0.0
1282,b,b,0.0,0.0
1283,w,b,0.0,1.0
1284,w,b,0.0,0.0
1285,b,b,0.0,0.0
1286,w,b,0.0,0.0
1287,b,b,0.0,0.0
1288,w,b,0.0,0.0
1289,b,b,0.0,0.0
1290,b,b,0.0,0.0
1291,w,b,0.0,0.0
1292,b,b,1.0,0.0
1293,w,b,1.0,0.0
1294,w,b,1.0,0.0
1295,b,b,1.0,0.0
1296,w,b,1.0,0.0
1297,w,b,1.0,0.0
1298,b,b,1.0,0.0
1299,b,b,1.0,0.0
1300,w,b,0.0,1.0
1301,w,b,0.0,0.0
1302,b,b,0.0,0.0
1303,b,b,0.0,0.0
1304,b,b,0.0,0.0
1305,w,b,0.0,0.0
1306,w,b,0.0,0.0
1307,b,b,0.0,0.0
1308,w,b,1.0,1.0
1309,b,b,1.0,1.0
1310,b,b,1.0,1.0
1311,w,b,1.0,1.0
1312,w,c,0.0,0.0
1313,w,c,0.0,0.0
1314,b,c,0.0,0.0
1315,b,c,0.0,0.0
1316,w,c,0.0,0.0
1317,b,c,0.0,0.0
1318,w,c,0.0,0.0
1319,b,c,0.0,0.0
1320,w,c,1.0,0.0
1321,b,c,1.0,0.0
1322,w,c,0.0,0.0
1323,b,c,0.0,0.0
1324,b,c,0.0,0.0
1325,w,c,0.0,0.0
1326,w,c,0.0,0.0
1327,b,c,0.0,0.0
1328,w,c,0.0,0.0
1329,b,c,0.0,0.0
1330,w,c,0.0,1.0
1331,b,c,0.0,1.0
1332,w,c,0.0,1.0
1333,b,c,0.0,1.0
1334,w,c,0.0,0.0
1335,w,c,0.0,0.0
1336,b,c,0.0,0.0
1337,b,c,0.0,0.0
1338,w,c,0.0,0.0
1339,w,c,0.0,0.0
1340,b,c,0.0,0.0
1341,b,c,0.0,0.0
1342,w,c,0.0,0.0
1343,b,c,0.0,0.0
1344,b,c,0.0,0.0
1345,w,c,0.0,0.0
1346,w,c,0.0,0.0
1347,b,c,0.0,0.0
1348,b,c,0.0,0.0
1349,w,c,0.0,0.0
1350,w,c,0.0,0.0
1351,w,c,0.0,0.0
1352,b,c,0.0,0.0
1353,b,c,0.0,0.0
1354,w,c,1.0,0.0
1355,b,c,1.0,0.0
1356,b,c,1.0,0.0
1357,w,c,1.0,0.0
1358,w,c,0.0,0.0
1359,b,c,0.0,0.0
1360,w,c,0.0,0.0
1361,b,c,0.0,0.0
1362,w,c,0.0,0.0
1363,w,c,0.0,0.0
1364,b,c,0.0,0.0
1365,b,c,0.0,0.0
1366,w,c,0.0,0.0
1367,b,c,0.0,0.0
1368,w,c,0.0,0.0
1369,b,c,0.0,0.0
1370,w,c,1.0,1.0
1371,b,c,1.0,0.0
1372,w,c,1.0,0.0
1373,b,c,1.0,0.0
1374,b,b,1.0,0.0
1375,b,b,0.0,0.0
1376,b,b,1.0,0.0
1377,w,b,1.0,0.0
1378,w,b,1.0,0.0
1379,w,b,0.0,0.0
1380,w,b,0.0,0.0
1381,w,b,1.0,0.0
1382,w,b,0.0,0.0
1383,w,b,1.0,0.0
1384,b,b,0.0,0.0
1385,w,b,0.0,0.0
1386,b,b,0.0,0.0
1387,b,b,1.0,0.0
1388,b,b,1.0,0.0
1389,w,b,0.0,0.0
1390,w,b,0.0,0.0
1391,w,b,1.0,0.0
1392,b,b,1.0,0.0
1393,b,b,0.0,0.0
1394,b,b,0.0,0.0
1395,b,b,1.0,0.0
1396,b,b,0.0,0.0
1397,w,b,0.0,0.0
1398,w,b,1.0,0.0
1399,w,b,0.0,0.0
1400,b,b,1.0,0.0
1401,w,b,1.0,0.0
1402,w,b,1.0,0.0
1403,b,b,0.0,0.0
1404,b,b,1.0,0.0
1405,b,b,0.0,0.0
1406,b,b,0.0,1.0
1407,w,b,0.0,1.0
1408,w,b,0.0,1.0
1409,b,b,0.0,1.0
1410,w,b,0.0,1.0
1411,w,b,0.0,0.0
1412,b,b,0.0,0.0
1413,b,b,0.0,0.0
1414,w,b,1.0,0.0
1415,b,b,1.0,0.0
1416,b,b,1.0,0.0
1417,w,b,1.0,0.0
1418,w,b,1.0,0.0
1419,w,b,1.0,0.0
1420,b,b,1.0,0.0
1421,b,b,1.0,0.0
1422,b,b,0.0,0.0
1423,w,b,0.0,0.0
1424,w,b,0.0,0.0
1425,b,b,0.0,0.0
1426,w,b,0.0,0.0
1427,b,b,0.0,0.0
1428,w,b,0.0,0.0
1429,b,b,0.0,0.0
1430,w,b,0.0,1.0
1431,w,b,0.0,0.0
1432,b,b,0.0,0.0
1433,b,b,0.0,0.0
1434,w,b,0.0,1.0
1435,w,b,0.0,1.0
1436,b,b,0.0,0.0
1437,b,b,0.0,0.0
1438,w,b,0.0,0.0
1439,b,b,0.0,0.0
1440,w,b,0.0,0.0
1441,b,b,0.0,0.0
1442,w,b,0.0,1.0
1443,b,b,0.0,0.0
1444,w,b,0.0,1.0
1445,b,b,0.0,0.0
1446,w,b,0.0,1.0
1447,b,b,0.0,1.0
1448,b,c,0.0,0.0
1449,w,c,0.0,0.0
1450,w,c,0.0,0.0
1451,b,c,0.0,0.0
1452,b,c,0.0,0.0
1453,w,c,0.0,0.0
1454,w,c,0.0,0.0
1455,b,c,0.0,0.0
1456,w,c,1.0,0.0
1457,w,c,1.0,0.0
1458,b,c,1.0,0.0
1459,b,c,1.0,0.0
1460,w,c,0.0,0.0
1461,w,c,0.0,0.0
1462,b,c,0.0,0.0
1463,b,c,0.0,0.0
1464,w,c,0.0,0.0
1465,w,c,0.0,0.0
1466,b,c,0.0,0.0
1467,b,c,0.0,0.0
1468,w,c,0.0,0.0
1469,b,c,0.0,0.0
1470,b,c,0.0,0.0
1471,w,c,0.0,0.0
1472,w,c,0.0,0.0
1473,b,c,0.0,0.0
1474,w,c,0.0,0.0
1475,b,c,0.0,0.0
1476,w,c,0.0,0.0
1477,b,c,0.0,0.0
1478,b,c,0.0,0.0
1479,w,c,0.0,0.0
1480,w,c,0.0,0.0
1481,b,c,0.0,0.0
1482,w,c,0.0,0.0
1483,b,c,0.0,0.0
1484,w,c,0.0,0.0
1485,b,c,0.0,0.0
1486,w,c,0.0,0.0
1487,b,c,0.0,0.0
1488,b,c,0.0,0.0
1489,w,c,0.0,0.0
1490,w,c,0.0,0.0
1491,w,c,0.0,0.0
1492,b,c,0.0,0.0
1493,b,c,0.0,0.0
1494,w,c,1.0,1.0
1495,b,c,1.0,0.0
1496,b,c,1.0,0.0
1497,w,c,1.0,1.0
1498,b,c,0.0,0.0
1499,b,c,0.0,0.0
1500,w,c,0.0,0.0
1501,w,c,0.0,0.0
1502,w,c,0.0,0.0
1503,b,c,0.0,0.0
1504,b,c,0.0,0.0
1505,b,c,0.0,0.0
1506,w,c,0.0,0.0
1507,w,c,0.0,0.0
1508,w,c,0.0,0.0
1509,b,c,0.0,0.0
1510,b,c,0.0,0.0
1511,w,c,0.0,0.0
1512,b,c,0.0,0.0
1513,w,c,0.0,0.0
1514,b,c,0.0,0.0
1515,w,c,0.0,0.0
1516,b,b,0.0,0.0
1517,b,b,0.0,0.0
1518,b,b,1.0,0.0
1519,w,b,0.0,1.0
1520,w,b,0.0,0.0
1521,w,b,0.0,0.0
1522,w,b,0.0,0.0
1523,w,b,0.0,1.0
1524,w,b,0.0,0.0
1525,b,b,0.0,0.0
1526,w,b,0.0,0.0
1527,b,b,0.0,0.0
1528,b,b,0.0,1.0
1529,w,b,0.0,0.0
1530,b,b,0.0,0.0
1531,b,b,0.0,0.0
1532,b,b,0.0,1.0
1533,b,b,1.0,0.0
1534,b,b,0.0,0.0
1535,w,b,0.0,0.0
1536,w,b,1.0,0.0
1537,w,b,1.0,0.0
1538,w,b,0.0,0.0
1539,w,b,0.0,0.0
1540,w,b,0.0,0.0
1541,b,b,0.0,0.0
1542,b,b,0.0,0.0
1543,b,b,0.0,0.0
1544,w,b,0.0,0.0
1545,b,b,0.0,0.0
1546,b,b,0.0,0.0
1547,w,b,0.0,1.0
1548,b,b,0.0,0.0
1549,w,b,0.0,0.0
1550,w,b,0.0,0.0
1551,b,b,0.0,0.0
1552,w,b,0.0,0.0
1553,b,b,0.0,0.0
1554,b,b,0.0,0.0
1555,w,b,0.0,0.0
1556,b,b,0.0,0.0
1557,w,b,0.0,0.0
1558,b,b,0.0,1.0
1559,w,b,0.0,0.0
1560,w,b,0.0,0.0
1561,w,b,0.0,1.0
1562,b,b,0.0,0.0
1563,b,b,0.0,1.0
1564,b,b,1.0,0.0
1565,w,b,1.0,1.0
1566,w,b,1.0,1.0
1567,b,b,1.0,0.0
1568,b,b,0.0,0.0
1569,w,b,0.0,0.0
1570,b,b,0.0,0.0
1571,w,b,0.0,0.0
1572,w,b,0.0,0.0
1573,w,b,0.0,1.0
1574,b,b,0.0,0.0
1575,b,b,0.0,0.0
1576,w,b,0.0,1.0
1577,b,b,0.0,0.0
1578,b,b,0.0,0.0
1579,w,b,0.0,0.0
1580,w,b,0.0,1.0
1581,b,b,0.0,1.0
1582,w,b,0.0,1.0
1583,b,b,0.0,1.0
1584,w,c,0.0,0.0
1585,b,c,0.0,0.0
1586,w,c,0.0,0.0
1587,b,c,0.0,0.0
1588,w,c,0.0,0.0
1589,b,c,0.0,1.0
1590,w,c,0.0,0.0
1591,b,c,0.0,0.0
1592,w,c,0.0,0.0
1593,w,c,0.0,0.0
1594,b,c,0.0,0.0
1595,b,c,0.0,0.0
1596,w,c,0.0,0.0
1597,b,c,0.0,0.0
1598,w,c,0.0,0.0
1599,b,c,0.0,0.0
1600,b,c,0.0,0.0
1601,w,c,0.0,0.0
1602,w,c,0.0,0.0
1603,b,c,0.0,0.0
1604,w,c,0.0,0.0
1605,b,c,0.0,0.0
1606,b,c,0.0,0.0
1607,w,c,0.0,0.0
1608,w,c,1.0,0.0
1609,b,c,1.0,0.0
1610,b,c,1.0,0.0
1611,w,c,1.0,0.0
1612,w,c,1.0,0.0
1613,b,c,1.0,0.0
1614,w,c,1.0,0.0
1615,b,c,1.0,0.0
1616,b,c,1.0,0.0
1617,w,c,1.0,0.0
1618,w,c,1.0,0.0
1619,b,c,1.0,0.0
1620,w,c,0.0,0.0
1621,b,c,0.0,0.0
1622,w,c,0.0,0.0
1623,b,c,0.0,0.0
1624,w,c,0.0,0.0
1625,b,c,0.0,0.0
1626,b,c,0.0,0.0
1627,w,c,0.0,0.0
1628,w,c,0.0,0.0
1629,b,c,0.0,0.0
1630,w,c,0.0,0.0
1631,b,c,0.0,0.0
1632,w,c,0.0,0.0
1633,b,c,0.0,0.0
1634,w,c,0.0,0.0
1635,b,c,0.0,0.0
1636,w,c,1.0,0.0
1637,w,c,1.0,0.0
1638,b,c,1.0,0.0
1639,b,c,1.0,0.0
1640,w,c,1.0,0.0
1641,b,c,1.0,0.0
1642,b,c,0.0,0.0
1643,w,c,0.0,0.0
1644,w,c,0.0,0.0
1645,b,c,0.0,0.0
1646,b,c,0.0,0.0
1647,w,c,0.0,0.0
1648,w,c,0.0,0.0
1649,b,c,0.0,0.0
1650,w,c,0.0,0.0
1651,b,c,0.0,0.0
1652,w,c,0.0,0.0
1653,b,c,0.0,0.0
1654,w,b,0.0,0.0
1655,w,b,0.0,0.0
1656,w,b,1.0,0.0
1657,w,b,0.0,0.0
1658,b,b,0.0,0.0
1659,w,b,0.0,0.0
1660,w,b,1.0,0.0
1661,w,b,0.0,0.0
1662,w,b,1.0,0.0
1663,b,b,0.0,0.0
1664,b,b,0.0,0.0
1665,b,b,1.0,0.0
1666,b,b,1.0,0.0
1667,b,b,1.0,0.0
1668,b,b,0.0,0.0
1669,w,b,1.0,0.0
1670,w,b,1.0,0.0
1671,w,b,0.0,0.0
1672,b,b,0.0,0.0
1673,b,b,0.0,0.0
1674,b,b,0.0,0.0
1675,w,b,1.0,0.0
1676,w,b,0.0,0.0
1677,b,b,1.0,0.0
1678,w,b,0.0,0.0
1679,b,b,0.0,0.0
1680,b,b,1.0,0.0
1681,b,b,1.0,0.0
1682,w,b,0.0,0.0
1683,w,b,0.0,0.0
1684,b,b,0.0,0.0
1685,b,b,0.0,0.0
1686,w,b,0.0,1.0
1687,b,b,0.0,0.0
1688,w,b,0.0,0.0
1689,b,b,0.0,0.0
1690,w,b,0.0,0.0
1691,w,b,0.0,0.0
1692,b,b,0.0,0.0
1693,b,b,0.0,0.0
1694,w,b,0.0,1.0
1695,b,b,0.0,1.0
1696,w,b,0.0,1.0
1697,b,b,0.0,0.0
1698,b,b,1.0,0.0
1699,w,b,1.0,0.0
1700,w,b,1.0,0.0
1701,b,b,1.0,1.0
1702,b,b,0.0,0.0
1703,w,b,0.0,0.0
1704,w,b,0.0,0.0
1705,b,b,0.0,0.0
1706,w,b,0.0,0.0
1707,b,b,0.0,0.0
1708,w,b,0.0,0.0
1709,b,b,0.0,0.0
1710,b,b,0.0,0.0
1711,w,b,0.0,1.0
1712,w,b,0.0,1.0
1713,b,b,0.0,0.0
1714,w,b,0.0,0.0
1715,w,b,0.0,1.0
1716,b,b,0.0,0.0
1717,b,b,0.0,1.0
1718,w,b,1.0,0.0
1719,b,b,1.0,0.0
1720,w,b,1.0,0.0
1721,b,b,1.0,0.0
1722,w,c,1.0,0.0
1723,b,c,1.0,0.0
1724,w,c,1.0,0.0
1725,b,c,1.0,0.0
1726,w,c,1.0,0.0
1727,b,c,0.0,0.0
1728,b,c,1.0,0.0
1729,w,c,0.0,0.0
1730,w,c,0.0,0.0
1731,b,c,0.0,0.0
1732,w,c,0.0,0.0
1733,w,c,0.0,0.0
1734,b,c,0.0,0.0
1735,b,c,0.0,0.0
1736,b,c,1.0,0.0
1737,w,c,1.0,1.0
1738,w,c,1.0,0.0
1739,b,c,1.0,0.0
1740,w,c,1.0,1.0
1741,b,c,1.0,0.0
1742,b,c,1.0,0.0
1743,w,c,1.0,1.0
1744,w,c,0.0,0.0
1745,b,c,0.0,0.0
1746,w,c,0.0,0.0
1747,b,c,0.0,0.0
1748,w,c,0.0,0.0
1749,b,c,0.0,0.0
1750,w,c,0.0,0.0
1751,b,c,0.0,0.0
1752,w,c,0.0,0.0
1753,b,c,0.0,0.0
1754,b,c,0.0,0.0
1755,w,c,0.0,0.0
1756,b,c,1.0,0.0
1757,w,c,1.0,0.0
1758,w,c,1.0,0.0
1759,b,c,1.0,0.0
1760,w,c,1.0,0.0
1761,b,c,1.0,0.0
1762,w,c,0.0,0.0
1763,w,c,0.0,0.0
1764,b,c,0.0,0.0
1765,w,c,0.0,0.0
1766,b,c,0.0,0.0
1767,b,c,0.0,0.0
1768,b,c,0.0,0.0
1769,w,c,0.0,0.0
1770,b,c,0.0,0.0
1771,w,c,0.0,0.0
1772,w,c,1.0,0.0
1773,w,c,1.0,0.0
1774,b,c,1.0,0.0
1775,b,c,1.0,0.0
1776,b,c,1.0,0.0
1777,w,c,1.0,0.0
1778,b,c,0.0,0.0
1779,b,c,1.0,0.0
1780,w,c,1.0,0.0
1781,w,c,0.0,0.0
1782,w,c,1.0,0.0
1783,b,c,1.0,0.0
1784,b,c,1.0,0.0
1785,w,c,1.0,0.0
1786,w,c,1.0,0.0
1787,b,c,1.0,0.0
1788,w,c,1.0,0.0
1789,w,c,1.0,0.0
1790,b,c,1.0,0.0
1791,b,c,1.0,0.0
1792,w,c,0.0,0.0
1793,b,c,0.0,0.0
1794,w,c,0.0,0.0
1795,w,c,0.0,0.0
1796,w,c,0.0,0.0
1797,b,c,0.0,0.0
1798,b,c,0.0,0.0
1799,b,c,0.0,0.0
1800,w,c,0.0,0.0
1801,b,c,0.0,0.0
1802,w,c,1.0,0.0
1803,b,c,1.0,0.0
1804,b,c,1.0,0.0
1805,w,c,1.0,0.0
1806,w,c,0.0,0.0
1807,b,c,0.0,0.0
1808,w,c,1.0,0.0
1809,w,c,0.0,0.0
1810,b,c,0.0,0.0
1811,w,c,1.0,0.0
1812,b,c,1.0,0.0
1813,b,c,1.0,0.0
1814,w,c,1.0,1.0
1815,b,c,1.0,1.0
1816,b,c,0.0,0.0
1817,w,c,0.0,0.0
1818,b,c,1.0,0.0
1819,w,c,1.0,0.0
1820,b,c,1.0,0.0
1821,w,c,1.0,0.0
1822,b,c,0.0,0.0
1823,w,c,0.0,0.0
1824,w,c,1.0,0.0
1825,b,c,1.0,0.0
1826,w,c,1.0,0.0
1827,b,c,1.0,0.0
1828,w,c,1.0,0.0
1829,b,c,1.0,0.0
1830,w,c,1.0,0.0
1831,w,c,0.0,0.0
1832,w,c,1.0,0.0
1833,b,c,1.0,0.0
1834,b,c,0.0,0.0
1835,b,c,1.0,0.0
1836,w,c,1.0,0.0
1837,w,c,0.0,0.0
1838,b,c,0.0,0.0
1839,w,c,0.0,0.0
1840,b,c,1.0,0.0
1841,b,c,0.0,0.0
1842,w,c,1.0,0.0
1843,w,c,0.0,0.0
1844,b,c,1.0,0.0
1845,w,c,1.0,1.0
1846,b,c,0.0,0.0
1847,b,c,1.0,0.0
1848,w,c,0.0,0.0
1849,b,c,0.0,0.0
1850,b,c,0.0,0.0
1851,b,c,1.0,0.0
1852,w,c,1.0,0.0
1853,w,c,0.0,0.0
1854,w,c,0.0,0.0
1855,w,c,0.0,0.0
1856,b,c,0.0,0.0
1857,b,c,0.0,0.0
1858,w,c,0.0,0.0
1859,b,c,0.0,0.0
1860,w,c,1.0,0.0
1861,b,c,1.0,0.0
1862,b,c,1.0,0.0
1863,b,c,0.0,0.0
1864,w,c,1.0,0.0
1865,w,c,0.0,0.0
1866,b,c,0.0,0.0
1867,w,c,0.0,0.0
1868,w,c,1.0,0.0
1869,b,c,1.0,0.0
1870,w,c,1.0,0.0
1871,b,c,1.0,0.0
1872,w,c,0.0,0.0
1873,w,c,1.0,0.0
1874,w,c,0.0,0.0
1875,b,c,0.0,0.0
1876,b,c,0.0,0.0
1877,b,c,1.0,0.0
1878,b,c,1.0,0.0
1879,b,c,0.0,0.0
1880,w,c,0.0,0.0
1881,w,c,1.0,0.0
1882,b,c,1.0,0.0
1883,b,c,0.0,0.0
1884,w,c,0.0,0.0
1885,w,c,1.0,0.0
1886,w,c,0.0,0.0
1887,w,c,0.0,1.0
1888,b,c,0.0,0.0
1889,b,c,0.0,0.0
1890,b,c,0.0,1.0
1891,b,c,0.0,0.0
1892,w,c,0.0,1.0
1893,w,c,0.0,0.0
1894,b,b,0.0,0.0
1895,w,b,0.0,0.0
1896,w,b,0.0,0.0
1897,w,b,0.0,0.0
1898,b,b,0.0,0.0
1899,b,b,1.0,0.0
1900,w,b,0.0,0.0
1901,w,b,0.0,0.0
1902,w,b,0.0,0.0
1903,b,b,0.0,0.0
1904,b,b,0.0,0.0
1905,w,b,1.0,0.0
1906,b,b,0.0,0.0
1907,b,b,0.0,0.0
1908,b,b,0.0,0.0
1909,b,b,0.0,0.0
1910,b,b,0.0,0.0
1911,w,b,0.0,1.0
1912,w,b,0.0,0.0
1913,w,b,0.0,0.0
1914,w,b,1.0,0.0
1915,b,b,0.0,1.0
1916,w,b,0.0,0.0
1917,b,b,1.0,0.0
1918,w,c,0.0,0.0
1919,b,c,0.0,0.0
1920,w,c,0.0,0.0
1921,b,c,0.0,0.0
1922,w,c,0.0,0.0
1923,b,c,0.0,0.0
1924,w,c,0.0,0.0
1925,b,c,0.0,0.0
1926,b,c,0.0,0.0
1927,w,c,0.0,0.0
1928,b,c,0.0,0.0
1929,w,c,0.0,0.0
1930,w,c,0.0,0.0
1931,w,c,0.0,0.0
1932,b,c,0.0,0.0
1933,b,c,0.0,0.0
1934,b,c,0.0,1.0
1935,w,c,0.0,1.0
1936,w,c,0.0,0.0
1937,b,c,0.0,1.0
1938,w,c,0.0,0.0
1939,b,c,0.0,0.0
1940,w,c,0.0,0.0
1941,b,c,0.0,0.0
1942,w,c,0.0,0.0
1943,b,c,0.0,0.0
1944,w,c,0.0,0.0
1945,b,c,0.0,0.0
1946,w,c,0.0,0.0
1947,b,c,0.0,0.0
1948,w,c,0.0,0.0
1949,b,c,0.0,0.0
1950,w,c,0.0,1.0
1951,b,c,0.0,1.0
1952,w,c,0.0,0.0
1953,b,c,0.0,0.0
1954,b,c,0.0,0.0
1955,w,c,0.0,0.0
1956,w,c,1.0,0.0
1957,w,c,1.0,0.0
1958,b,c,1.0,0.0
1959,b,c,1.0,0.0
1960,b,c,0.0,1.0
1961,w,c,0.0,0.0
1962,w,c,0.0,0.0
1963,b,c,0.0,0.0
1964,w,c,0.0,0.0
1965,b,c,0.0,0.0
1966,b,c,0.0,0.0
1967,w,c,0.0,0.0
1968,b,c,0.0,0.0
1969,b,c,0.0,1.0
1970,w,c,0.0,0.0
1971,w,c,0.0,0.0
1972,w,c,0.0,0.0
1973,b,c,0.0,0.0
1974,w,c,0.0,0.0
1975,b,c,0.0,0.0
1976,w,c,0.0,0.0
1977,b,c,0.0,1.0
1978,w,c,0.0,0.0
1979,b,c,0.0,0.0
1980,b,c,0.0,0.0
1981,w,c,0.0,0.0
1982,b,c,0.0,0.0
1983,w,c,0.0,0.0
1984,b,b,1.0,0.0
1985,w,b,1.0,1.0
1986,w,b,0.0,0.0
1987,w,b,0.0,0.0
1988,w,b,0.0,0.0
1989,w,b,0.0,0.0
1990,b,b,1.0,0.0
1991,w,b,1.0,0.0
1992,b,b,1.0,0.0
1993,w,b,1.0,0.0
1994,b,b,0.0,0.0
1995,b,b,0.0,0.0
1996,b,b,0.0,0.0
1997,b,b,0.0,0.0
1998,w,b,0.0,0.0
1999,w,b,1.0,0.0
2000,b,b,0.0,0.0
2001,w,b,0.0,0.0
2002,b,b,1.0,0.0
2003,b,b,0.0,0.0
2004,w,b,0.0,0.0
2005,b,b,0.0,0.0
2006,w,b,0.0,0.0
2007,b,b,0.0,0.0
2008,w,b,0.0,1.0
2009,b,b,0.0,1.0
2010,b,b,0.0,1.0
2011,w,b,0.0,0.0
2012,b,b,0.0,0.0
2013,w,b,0.0,1.0
2014,b,b,0.0,0.0
2015,w,b,0.0,0.0
2016,w,b,0.0,0.0
2017,b,b,0.0,0.0
2018,w,b,0.0,0.0
2019,b,b,0.0,0.0
2020,w,c,0.0,0.0
2021,b,c,0.0,0.0
2022,w,c,0.0,0.0
2023,b,c,0.0,0.0
2024,b,c,0.0,0.0
2025,w,c,0.0,0.0
2026,w,c,0.0,1.0
2027,b,c,0.0,0.0
2028,b,c,0.0,0.0
2029,w,c,0.0,0.0
2030,w,c,0.0,0.0
2031,b,c,0.0,0.0
2032,b,c,0.0,0.0
2033,b,c,0.0,0.0
2034,w,c,0.0,0.0
2035,w,c,0.0,0.0
2036,w,c,0.0,0.0
2037,b,c,0.0,0.0
2038,w,c,0.0,0.0
2039,b,c,0.0,0.0
2040,w,c,0.0,0.0
2041,w,c,0.0,0.0
2042,b,c,0.0,0.0
2043,b,c,0.0,0.0
2044,w,c,0.0,0.0
2045,b,c,0.0,0.0
2046,w,c,0.0,0.0
2047,b,c,0.0,0.0
2048,w,c,0.0,0.0
2049,b,c,0.0,0.0
2050,w,c,0.0,0.0
2051,b,c,0.0,0.0
2052,w,c,1.0,0.0
2053,b,c,1.0,0.0
2054,w,c,1.0,0.0
2055,b,c,1.0,0.0
2056,w,c,0.0,0.0
2057,b,c,0.0,0.0
2058,b,c,0.0,0.0
2059,w,c,0.0,0.0
2060,b,b,0.0,0.0
2061,w,b,0.0,0.0
2062,w,b,0.0,0.0
2063,b,b,1.0,0.0
2064,w,b,1.0,0.0
2065,w,b,0.0,0.0
2066,w,b,0.0,0.0
2067,b,b,0.0,0.0
2068,w,b,0.0,0.0
2069,b,b,1.0,0.0
2070,w,b,1.0,0.0
2071,w,b,0.0,0.0
2072,b,b,1.0,0.0
2073,w,b,1.0,0.0
2074,b,b,0.0,0.0
2075,b,b,0.0,0.0
2076,b,b,0.0,0.0
2077,w,b,0.0,0.0
2078,w,b,0.0,0.0
2079,w,b,1.0,0.0
2080,b,b,0.0,0.0
2081,b,b,0.0,0.0
2082,b,b,0.0,0.0
2083,b,b,1.0,0.0
2084,w,b,0.0,0.0
2085,w,b,0.0,0.0
2086,b,b,0.0,0.0
2087,b,b,0.0,0.0
2088,w,b,0.0,0.0
2089,w,b,0.0,0.0
2090,b,b,0.0,0.0
2091,b,b,0.0,0.0
2092,w,b,1.0,1.0
2093,b,b,1.0,1.0
2094,w,b,1.0,0.0
2095,b,b,1.0,0.0
2096,w,b,1.0,1.0
2097,w,b,1.0,1.0
2098,b,b,1.0,1.0
2099,b,b,1.0,1.0
2100,b,b,1.0,0.0
2101,w,b,1.0,0.0
2102,b,b,1.0,0.0
2103,w,b,1.0,0.0
2104,b,b,0.0,0.0
2105,w,b,0.0,0.0
2106,w,b,0.0,1.0
2107,b,b,0.0,0.0
2108,w,b,0.0,1.0
2109,b,b,0.0,0.0
2110,w,b,0.0,1.0
2111,b,b,0.0,0.0
2112,w,c,0.0,0.0
2113,b,c,0.0,0.0
2114,w,c,0.0,0.0
2115,b,c,0.0,0.0
2116,b,c,0.0,0.0
2117,w,c,0.0,0.0
2118,w,c,0.0,0.0
2119,b,c,0.0,0.0
2120,b,c,0.0,0.0
2121,w,c,0.0,0.0
2122,w,c,0.0,0.0
2123,b,c,0.0,0.0
2124,b,c,0.0,0.0
2125,w,c,0.0,0.0
2126,w,c,0.0,0.0
2127,b,c,0.0,0.0
2128,b,c,1.0,0.0
2129,w,c,1.0,0.0
2130,w,c,1.0,0.0
2131,b,c,1.0,0.0
2132,w,c,0.0,0.0
2133,w,c,0.0,0.0
2134,b,c,0.0,0.0
2135,b,c,0.0,0.0
2136,b,c,0.0,0.0
2137,w,c,0.0,0.0
2138,w,c,0.0,0.0
2139,b,c,0.0,0.0
2140,w,c,0.0,0.0
2141,w,c,0.0,0.0
2142,b,c,0.0,0.0
2143,b,c,0.0,0.0
2144,w,c,0.0,0.0
2145,w,c,0.0,0.0
2146,b,c,0.0,0.0
2147,b,c,0.0,0.0
2148,w,c,1.0,0.0
2149,w,c,1.0,0.0
2150,b,c,1.0,0.0
2151,b,c,1.0,0.0
2152,w,b,0.0,0.0
2153,w,b,1.0,0.0
2154,w,b,1.0,0.0
2155,w,b,1.0,0.0
2156,b,b,0.0,0.0
2157,w,b,1.0,0.0
2158,w,b,0.0,0.0
2159,w,b,1.0,0.0
2160,w,b,0.0,0.0
2161,b,b,0.0,0.0
2162,b,b,1.0,0.0
2163,b,b,0.0,0.0
2164,b,b,0.0,1.0
2165,b,b,0.0,0.0
2166,b,b,1.0,0.0
2167,w,b,0.0,0.0
2168,b,b,0.0,0.0
2169,b,b,0.0,0.0
2170,b,b,1.0,0.0
2171,b,b,1.0,0.0
2172,b,b,0.0,0.0
2173,b,b,0.0,0.0
2174,b,b,1.0,0.0
2175,w,b,0.0,0.0
2176,w,b,0.0,0.0
2177,w,b,0.0,0.0
2178,w,b,0.0,0.0
2179,w,b,1.0,0.0
2180,w,b,1.0,0.0
2181,w,b,0.0,0.0
2182,w,b,0.0,0.0
2183,b,b,1.0,0.0
2184,b,b,1.0,0.0
2185,b,b,0.0,0.0
2186,b,b,1.0,0.0
2187,b,b,0.0,0.0
2188,w,b,0.0,0.0
2189,w,b,0.0,0.0
2190,w,b,1.0,0.0
2191,b,b,0.0,0.0
2192,b,b,1.0,0.0
2193,w,b,1.0,1.0
2194,w,b,1.0,1.0
2195,b,b,1.0,0.0
2196,w,b,0.0,0.0
2197,b,b,0.0,0.0
2198,w,b,0.0,0.0
2199,b,b,0.0,0.0
2200,w,b,0.0,0.0
2201,b,b,0.0,1.0
2202,b,b,0.0,0.0
2203,w,b,0.0,1.0
2204,w,b,0.0,1.0
2205,b,b,0.0,0.0
2206,b,b,0.0,0.0
2207,w,b,0.0,1.0
2208,w,b,0.0,0.0
2209,b,b,0.0,0.0
2210,b,b,0.0,1.0
2211,w,b,0.0,0.0
2212,w,b,0.0,0.0
2213,w,b,0.0,0.0
2214,b,b,0.0,0.0
2215,b,b,0.0,0.0
2216,w,b,0.0,0.0
2217,w,b,0.0,0.0
2218,b,b,0.0,0.0
2219,b,b,0.0,0.0
2220,b,b,0.0,0.0
2221,w,b,0.0,1.0
2222,b,b,0.0,1.0
2223,w,b,0.0,0.0
2224,b,b,0.0,0.0
2225,w,b,0.0,0.0
2226,b,b,0.0,0.0
2227,w,b,0.0,1.0
2228,w,b,0.0,1.0
2229,b,b,0.0,0.0
2230,b,b,0.0,0.0
2231,w,b,0.0,0.0
2232,w,b,0.0,0.0
2233,w,b,0.0,1.0
2234,b,b,0.0,0.0
2235,b,b,0.0,0.0
2236,w,c,0.0,0.0
2237,w,c,0.0,0.0
2238,b,c,0.0,0.0
2239,b,c,0.0,0.0
2240,b,c,0.0,0.0
2241,w,c,0.0,0.0
2242,w,c,0.0,0.0
2243,b,c,0.0,0.0
2244,b,c,0.0,0.0
2245,w,c,0.0,0.0
2246,b,c,0.0,0.0
2247,w,c,0.0,0.0
2248,w,c,0.0,0.0
2249,w,c,0.0,0.0
2250,b,c,0.0,0.0
2251,b,c,0.0,0.0
2252,w,c,0.0,0.0
2253,w,c,0.0,0.0
2254,b,c,0.0,0.0
2255,b,c,0.0,1.0
2256,b,c,0.0,0.0
2257,w,c,0.0,0.0
2258,b,c,0.0,0.0
2259,w,c,0.0,0.0
2260,b,c,0.0,0.0
2261,w,c,0.0,0.0
2262,w,c,0.0,0.0
2263,b,c,0.0,0.0
2264,w,c,0.0,0.0
2265,b,c,0.0,0.0
2266,b,c,0.0,0.0
2267,w,c,0.0,0.0
2268,b,b,0.0,0.0
2269,w,b,0.0,0.0
2270,w,b,0.0,0.0
2271,w,b,0.0,0.0
2272,w,b,1.0,0.0
2273,w,b,0.0,0.0
2274,b,b,1.0,0.0
2275,b,b,0.0,0.0
2276,w,b,0.0,0.0
2277,w,b,0.0,0.0
2278,w,b,0.0,0.0
2279,w,b,1.0,0.0
2280,b,b,0.0,0.0
2281,w,b,0.0,0.0
2282,b,b,0.0,0.0
2283,b,b,1.0,0.0
2284,b,b,0.0,0.0
2285,w,b,0.0,0.0
2286,w,b,0.0,0.0
2287,b,b,0.0,0.0
2288,b,b,0.0,0.0
2289,b,b,0.0,0.0
2290,b,b,1.0,0.0
2291,b,b,0.0,0.0
2292,w,b,1.0,0.0
2293,w,b,1.0,0.0
2294,w,b,0.0,0.0
2295,w,b,0.0,0.0
2296,b,b,0.0,0.0
2297,b,b,0.0,0.0
2298,b,b,0.0,0.0
2299,b,b,1.0,0.0
2300,b,b,0.0,0.0
2301,w,b,0.0,1.0
2302,w,b,0.0,1.0
2303,b,b,0.0,1.0
2304,b,b,0.0,0.0
2305,w,b,0.0,0.0
2306,b,b,0.0,0.0
2307,w,b,0.0,0.0
2308,w,b,0.0,0.0
2309,w,b,0.0,0.0
2310,b,b,0.0,0.0
2311,b,b,0.0,0.0
2312,b,b,0.0,0.0
2313,w,b,0.0,0.0
2314,w,b,0.0,0.0
2315,b,b,0.0,0.0
2316,w,b,0.0,1.0
2317,b,b,0.0,1.0
2318,w,b,0.0,1.0
2319,b,b,0.0,1.0
2320,b,b,1.0,0.0
2321,w,b,1.0,0.0
2322,b,b,1.0,0.0
2323,w,b,1.0,0.0
2324,w,b,0.0,1.0
2325,w,b,0.0,1.0
2326,b,b,0.0,1.0
2327,b,b,0.0,0.0
2328,b,c,0.0,0.0
2329,w,c,0.0,0.0
2330,b,c,0.0,0.0
2331,w,c,0.0,0.0
2332,w,c,0.0,0.0
2333,b,c,0.0,0.0
2334,w,c,0.0,0.0
2335,b,c,0.0,0.0
2336,b,c,0.0,0.0
2337,w,c,0.0,0.0
2338,b,c,0.0,0.0
2339,w,c,0.0,0.0
2340,w,b,1.0,0.0
2341,w,b,1.0,0.0
2342,w,b,1.0,0.0
2343,w,b,1.0,0.0
2344,w,b,0.0,0.0
2345,w,b,1.0,0.0
2346,w,b,0.0,0.0
2347,b,b,1.0,0.0
2348,b,b,1.0,0.0
2349,b,b,0.0,0.0
2350,w,b,0.0,0.0
2351,b,b,1.0,0.0
2352,b,b,1.0,0.0
2353,b,b,0.0,0.0
2354,b,b,1.0,0.0
2355,b,b,1.0,0.0
2356,b,b,0.0,0.0
2357,b,b,0.0,0.0
2358,w,b,0.0,0.0
2359,w,b,0.0,0.0
2360,b,b,1.0,0.0
2361,b,b,0.0,0.0
2362,w,b,1.0,0.0
2363,w,b,0.0,0.0
2364,w,b,1.0,0.0
2365,b,b,0.0,0.0
2366,b,b,1.0,0.0
2367,w,b,1.0,0.0
2368,b,b,1.0,0.0
2369,w,b,1.0,0.0
2370,w,b,1.0,0.0
2371,b,b,1.0,0.0
2372,b,b,1.0,0.0
2373,w,b,1.0,0.0
2374,w,b,1.0,0.0
2375,b,b,1.0,1.0
2376,w,b,0.0,0.0
2377,w,b,0.0,0.0
2378,b,b,0.0,1.0
2379,b,b,0.0,1.0
2380,w,b,1.0,1.0
2381,b,b,1.0,1.0
2382,b,b,1.0,1.0
2383,w,b,1.0,1.0
2384,b,b,0.0,0.0
2385,b,b,0.0,0.0
2386,w,b,0.0,0.0
2387,w,b,0.0,0.0
2388,w,b,0.0,0.0
2389,b,b,0.0,0.0
2390,w,b,0.0,0.0
2391,b,b,0.0,0.0
2392,w,b,0.0,1.0
2393,b,b,0.0,0.0
2394,b,b,0.0,0.0
2395,w,b,0.0,1.0
2396,w,b,0.0,0.0
2397,b,b,0.0,0.0
2398,w,b,0.0,0.0
2399,b,b,0.0,0.0
2400,b,b,0.0,0.0
2401,b,b,0.0,0.0
2402,w,b,0.0,0.0
2403,w,b,0.0,0.0
2404,b,b,0.0,0.0
2405,w,b,0.0,0.0
2406,b,b,0.0,0.0
2407,w,b,0.0,0.0
2408,b,c,0.0,0.0
2409,w,c,0.0,0.0
2410,b,c,0.0,0.0
2411,w,c,0.0,0.0
2412,b,c,0.0,0.0
2413,w,c,0.0,0.0
2414,b,c,0.0,0.0
2415,w,c,0.0,0.0
2416,b,c,0.0,0.0
2417,w,c,0.0,0.0
2418,w,c,0.0,0.0
2419,b,c,0.0,0.0
2420,b,c,0.0,0.0
2421,w,c,0.0,0.0
2422,w,c,0.0,0.0
2423,w,c,0.0,0.0
2424,b,c,0.0,0.0
2425,b,c,0.0,0.0
2426,w,c,0.0,0.0
2427,b,c,0.0,0.0
2428,w,c,0.0,0.0
2429,b,c,0.0,0.0
2430,b,b,0.0,0.0
2431,w,b,0.0,0.0
2432,w,b,0.0,0.0
2433,w,b,0.0,0.0
2434,w,b,0.0,0.0
2435,w,b,0.0,0.0
2436,w,b,0.0,0.0
2437,w,b,0.0,0.0
2438,b,b,0.0,0.0
2439,b,b,0.0,0.0
2440,w,b,0.0,0.0
2441,w,b,0.0,0.0
2442,b,b,0.0,0.0
2443,b,b,0.0,0.0
2444,w,b,0.0,0.0
2445,b,b,0.0,0.0
2446,w,b,1.0,0.0
2447,b,b,0.0,0.0
2448,b,b,0.0,0.0
2449,b,b,0.0,0.0
2450,w,b,1.0,0.0
2451,b,b,0.0,0.0
2452,b,b,1.0,0.0
2453,b,b,0.0,0.0
2454,b,b,1.0,0.0
2455,b,b,0.0,0.0
2456,w,b,0.0,0.0
2457,w,b,0.0,0.0
2458,w,b,0.0,0.0
2459,w,b,0.0,0.0
2460,b,b,0.0,0.0
2461,b,b,0.0,0.0
2462,b,b,0.0,0.0
2463,b,b,0.0,0.0
2464,w,b,0.0,0.0
2465,w,b,0.0,0.0
2466,b,b,0.0,0.0
2467,w,b,0.0,1.0
2468,w,b,0.0,1.0
2469,b,b,0.0,1.0
2470,w,b,0.0,0.0
2471,b,b,0.0,0.0
2472,b,b,0.0,0.0
2473,w,b,0.0,0.0
2474,b,b,0.0,0.0
2475,w,b,0.0,1.0
2476,w,b,0.0,1.0
2477,b,b,0.0,0.0
2478,w,b,1.0,0.0
2479,b,b,1.0,0.0
2480,w,b,1.0,0.0
2481,b,b,1.0,0.0
2482,w,b,0.0,0.0
2483,w,b,0.0,0.0
2484,b,b,0.0,0.0
2485,b,b,0.0,0.0
2486,w,b,0.0,0.0
2487,w,b,0.0,0.0
2488,b,b,0.0,0.0
2489,b,b,0.0,0.0
2490,w,b,0.0,1.0
2491,b,b,0.0,1.0
2492,w,b,0.0,0.0
2493,b,b,0.0,0.0
2494,b,c,0.0,0.0
2495,w,c,0.0,0.0
2496,b,c,0.0,0.0
2497,w,c,0.0,0.0
2498,w,c,0.0,0.0
2499,w,c,0.0,0.0
2500,b,c,0.0,0.0
2501,b,c,0.0,0.0
2502,w,c,0.0,0.0
2503,w,c,0.0,0.0
2504,b,c,0.0,0.0
2505,b,c,0.0,0.0
2506,w,c,0.0,0.0
2507,b,c,0.0,0.0
2508,w,c,0.0,0.0
2509,b,c,0.0,0.0
2510,b,b,0.0,0.0
2511,b,b,0.0,0.0
2512,w,b,0.0,0.0
2513,w,b,0.0,0.0
2514,w,b,0.0,0.0
2515,w,b,1.0,1.0
2516,w,b,0.0,0.0
2517,w,b,0.0,0.0
2518,w,b,0.0,0.0
2519,w,b,1.0,1.0
2520,w,b,0.0,0.0
2521,w,b,0.0,0.0
2522,b,b,0.0,0.0
2523,b,b,0.0,0.0
2524,b,b,0.0,0.0
2525,b,b,0.0,0.0
2526,b,b,0.0,0.0
2527,b,b,0.0,0.0
2528,w,b,0.0,0.0
2529,w,b,0.0,0.0
2530,b,b,1.0,1.0
2531,b,b,0.0,0.0
2532,b,b,1.0,0.0
2533,b,b,0.0,0.0
2534,w,b,0.0,0.0
2535,b,b,0.0,0.0
2536,w,b,0.0,0.0
2537,b,b,0.0,0.0
2538,b,b,0.0,0.0
2539,w,b,0.0,1.0
2540,w,b,0.0,1.0
2541,b,b,0.0,1.0
2542,w,b,0.0,0.0
2543,w,b,0.0,0.0
2544,b,b,0.0,0.0
2545,b,b,0.0,0.0
2546,w,b,0.0,0.0
2547,b,b,0.0,0.0
2548,w,b,0.0,0.0
2549,b,b,0.0,1.0
2550,w,b,0.0,0.0
2551,b,b,0.0,0.0
2552,w,b,0.0,0.0
2553,b,b,0.0,0.0
2554,w,c,0.0,0.0
2555,b,c,0.0,0.0
2556,w,c,0.0,1.0
2557,b,c,0.0,0.0
2558,w,c,1.0,0.0
2559,b,c,1.0,0.0
2560,b,c,0.0,0.0
2561,w,c,0.0,0.0
2562,b,c,0.0,1.0
2563,w,c,0.0,0.0
2564,b,c,0.0,0.0
2565,w,c,0.0,0.0
2566,b,c,0.0,0.0
2567,w,c,0.0,0.0
2568,w,b,0.0,0.0
2569,w,b,0.0,0.0
2570,w,b,0.0,0.0
2571,b,b,0.0,0.0
2572,w,b,0.0,0.0
2573,w,b,0.0,0.0
2574,b,b,0.0,0.0
2575,w,b,0.0,0.0
2576,b,b,0.0,0.0
2577,w,b,0.0,0.0
2578,b,b,0.0,0.0
2579,b,b,0.0,0.0
2580,b,b,0.0,0.0
2581,b,b,0.0,0.0
2582,w,b,0.0,0.0
2583,b,b,0.0,0.0
2584,b,b,0.0,0.0
2585,b,b,0.0,0.0
2586,w,b,0.0,0.0
2587,w,b,0.0,0.0
2588,w,b,0.0,0.0
2589,w,b,0.0,0.0
2590,w,b,0.0,0.0
2591,b,b,0.0,0.0
2592,b,b,0.0,0.0
2593,b,b,0.0,0.0
2594,b,b,0.0,0.0
2595,w,b,0.0,0.0
2596,w,b,0.0,0.0
2597,w,b,0.0,0.0
2598,b,b,0.0,0.0
2599,b,b,0.0,0.0
2600,w,b,0.0,0.0
2601,w,b,0.0,0.0
2602,b,b,0.0,0.0
2603,b,b,0.0,0.0
2604,w,b,0.0,0.0
2605,b,b,0.0,0.0
2606,w,b,0.0,0.0
2607,b,b,0.0,0.0
2608,w,b,0.0,0.0
2609,w,b,0.0,0.0
2610,b,b,0.0,0.0
2611,b,b,0.0,0.0
2612,w,b,1.0,1.0
2613,b,b,1.0,1.0
2614,b,b,1.0,1.0
2615,w,b,1.0,1.0
2616,w,b,0.0,0.0
2617,w,b,0.0,0.0
2618,b,b,0.0,0.0
2619,b,b,0.0,0.0
2620,w,b,0.0,1.0
2621,b,b,0.0,1.0
2622,b,b,0.0,0.0
2623,w,b,0.0,0.0
2624,w,b,0.0,0.0
2625,w,b,0.0,0.0
2626,b,b,0.0,1.0
2627,b,b,0.0,1.0
2628,w,c,1.0,0.0
2629,b,c,1.0,0.0
2630,w,c,1.0,0.0
2631,w,c,1.0,0.0
2632,b,c,1.0,0.0
2633,b,c,1.0,0.0
2634,w,c,0.0,0.0
2635,w,c,0.0,0.0
2636,b,c,0.0,0.0
2637,b,c,0.0,0.0
2638,w,c,0.0,0.0
2639,b,c,0.0,0.0
2640,b,c,0.0,0.0
2641,w,c,0.0,0.0
2642,b,b,0.0,0.0
2643,w,b,0.0,0.0
2644,w,b,0.0,0.0
2645,b,b,0.0,0.0
2646,b,b,0.0,0.0
2647,b,b,0.0,0.0
2648,b,b,0.0,0.0
2649,w,b,0.0,0.0
2650,w,b,0.0,0.0
2651,b,b,0.0,0.0
2652,b,b,0.0,0.0
2653,w,b,0.0,0.0
2654,w,b,0.0,0.0
2655,w,b,0.0,0.0
2656,w,b,0.0,0.0
2657,b,b,0.0,0.0
2658,b,b,0.0,0.0
2659,w,b,0.0,0.0
2660,b,b,0.0,0.0
2661,w,b,0.0,0.0
2662,w,b,0.0,0.0
2663,b,b,0.0,0.0
2664,b,b,0.0,1.0
2665,w,b,0.0,0.0
2666,b,b,1.0,0.0
2667,w,b,1.0,0.0
2668,b,b,1.0,0.0
2669,w,b,1.0,1.0
2670,w,b,0.0,0.0
2671,b,b,0.0,0.0
2672,w,b,0.0,0.0
2673,b,b,0.0,0.0
2674,w,b,0.0,0.0
2675,b,b,0.0,0.0
2676,w,b,0.0,0.0
2677,b,b,0.0,0.0
2678,w,b,0.0,0.0
2679,b,b,0.0,0.0
2680,b,b,0.0,0.0
2681,w,b,0.0,1.0
2682,b,b,0.0,0.0
2683,w,b,0.0,0.0
2684,b,b,0.0,0.0
2685,w,b,0.0,0.0
2686,w,b,0.0,0.0
2687,w,b,0.0,0.0
2688,b,b,0.0,0.0
2689,b,b,0.0,0.0
2690,b,b,0.0,0.0
2691,w,b,0.0,0.0
2692,w,b,0.0,1.0
2693,b,b,0.0,1.0
2694,w,b,1.0,1.0
2695,b,b,1.0,1.0
2696,w,b,1.0,1.0
2697,b,b,1.0,1.0
2698,w,c,0.0,0.0
2699,b,c,0.0,0.0
2700,w,c,1.0,0.0
2701,b,c,1.0,0.0
2702,w,c,1.0,0.0
2703,b,c,1.0,0.0
2704,b,c,0.0,0.0
2705,b,c,0.0,0.0
2706,w,c,0.0,0.0
2707,w,c,0.0,0.0
2708,b,b,1.0,0.0
2709,w,b,0.0,0.0
2710,w,b,1.0,0.0
2711,w,b,0.0,0.0
2712,w,b,0.0,0.0
2713,b,b,1.0,0.0
2714,b,b,0.0,0.0
2715,b,b,0.0,0.0
2716,b,b,0.0,0.0
2717,w,b,0.0,0.0
2718,w,b,0.0,0.0
2719,w,b,0.0,0.0
2720,b,b,0.0,0.0
2721,b,b,1.0,0.0
2722,w,b,1.0,0.0
2723,b,b,0.0,0.0
2724,b,b,0.0,0.0
2725,b,b,1.0,0.0
2726,w,b,1.0,0.0
2727,w,b,0.0,0.0
2728,w,b,1.0,0.0
2729,b,b,0.0,0.0
2730,w,b,0.0,0.0
2731,b,b,0.0,0.0
2732,w,b,0.0,1.0
2733,w,b,0.0,0.0
2734,b,b,0.0,0.0
2735,b,b,0.0,0.0
2736,w,b,0.0,0.0
2737,w,b,0.0,1.0
2738,b,b,0.0,1.0
2739,b,b,0.0,0.0
2740,w,b,0.0,0.0
2741,w,b,0.0,0.0
2742,b,b,0.0,0.0
2743,b,b,0.0,0.0
2744,w,b,0.0,1.0
2745,b,b,0.0,0.0
2746,b,b,0.0,1.0
2747,w,b,0.0,0.0
2748,w,b,0.0,1.0
2749,b,b,0.0,0.0
2750,b,b,0.0,1.0
2751,w,b,0.0,0.0
2752,w,b,1.0,0.0
2753,b,b,1.0,0.0
2754,w,b,1.0,0.0
2755,b,b,1.0,0.0
2756,w,b,1.0,0.0
2757,b,b,1.0,0.0
2758,w,b,0.0,0.0
2759,w,b,0.0,0.0
2760,b,b,0.0,1.0
2761,b,b,0.0,0.0
2762,w,c,0.0,0.0
2763,b,c,0.0,0.0
2764,w,c,0.0,0.0
2765,b,c,0.0,0.0
2766,w,c,1.0,0.0
2767,b,c,1.0,0.0
2768,w,c,0.0,0.0
2769,b,c,1.0,0.0
2770,w,c,1.0,0.0
2771,b,c,0.0,0.0
2772,b,c,0.0,0.0
2773,w,c,0.0,0.0
2774,w,c,0.0,0.0
2775,b,c,0.0,0.0
2776,w,c,1.0,0.0
2777,w,c,1.0,0.0
2778,b,c,1.0,0.0
2779,b,c,1.0,0.0
2780,w,c,0.0,0.0
2781,b,c,0.0,0.0
2782,w,c,0.0,0.0
2783,b,c,0.0,0.0
2784,w,c,0.0,0.0
2785,b,c,1.0,0.0
2786,w,c,1.0,0.0
2787,w,c,0.0,0.0
2788,b,c,0.0,0.0
2789,w,c,1.0,0.0
2790,b,c,1.0,0.0
2791,b,c,0.0,0.0
2792,w,c,0.0,0.0
2793,b,c,0.0,0.0
2794,b,c,0.0,0.0
2795,w,c,0.0,0.0
2796,w,c,0.0,0.0
2797,w,c,0.0,0.0
2798,b,c,0.0,0.0
2799,b,c,0.0,0.0
2800,b,c,0.0,0.0
2801,w,c,0.0,0.0
2802,w,c,0.0,0.0
2803,b,c,0.0,0.0
2804,w,c,0.0,0.0
2805,b,c,0.0,0.0
2806,w,c,0.0,0.0
2807,b,c,0.0,0.0
2808,b,c,0.0,0.0
2809,w,c,0.0,0.0
2810,b,c,0.0,0.0
2811,w,c,0.0,0.0
2812,w,c,0.0,0.0
2813,w,c,0.0,0.0
2814,b,c,0.0,0.0
2815,b,c,0.0,0.0
2816,w,c,0.0,0.0
2817,w,c,0.0,0.0
2818,b,c,0.0,0.0
2819,b,c,1.0,0.0
2820,b,c,0.0,0.0
2821,w,c,1.0,0.0
2822,b,c,0.0,0.0
2823,w,c,0.0,0.0
2824,w,c,0.0,0.0
2825,b,c,0.0,0.0
2826,w,c,1.0,0.0
2827,b,c,1.0,0.0
2828,b,c,0.0,0.0
2829,w,c,0.0,0.0
2830,w,c,0.0,0.0
2831,w,c,0.0,0.0
2832,b,c,0.0,0.0
2833,w,c,0.0,0.0
2834,b,c,0.0,0.0
2835,b,c,0.0,0.0
2836,w,c,1.0,0.0
2837,b,c,1.0,0.0
2838,w,c,1.0,0.0
2839,b,c,1.0,0.0
2840,w,c,1.0,0.0
2841,b,c,1.0,0.0
2842,b,c,1.0,0.0
2843,w,c,1.0,0.0
2844,w,c,0.0,1.0
2845,w,c,0.0,1.0
2846,b,c,0.0,1.0
2847,b,c,0.0,0.0
2848,w,c,1.0,1.0
2849,b,c,1.0,0.0
2850,b,c,1.0,0.0
2851,b,c,1.0,0.0
2852,w,c,1.0,0.0
2853,w,c,1.0,0.0
2854,b,c,1.0,0.0
2855,w,c,1.0,0.0
2856,b,c,0.0,0.0
2857,w,c,0.0,0.0
2858,b,c,0.0,0.0
2859,b,c,1.0,0.0
2860,w,c,0.0,0.0
2861,w,c,1.0,0.0
2862,w,c,1.0,0.0
2863,b,c,1.0,0.0
2864,w,c,1.0,0.0
2865,b,c,1.0,0.0
2866,w,c,1.0,0.0
2867,b,c,1.0,0.0
2868,b,c,1.0,0.0
2869,w,c,1.0,0.0
2870,w,c,0.0,0.0
2871,b,c,0.0,0.0
2872,w,c,0.0,0.0
2873,b,c,0.0,0.0
2874,w,c,1.0,0.0
2875,b,c,1.0,0.0
2876,w,c,1.0,0.0
2877,b,c,1.0,0.0
2878,w,c,1.0,0.0
2879,b,c,1.0,0.0
2880,w,c,1.0,0.0
2881,b,c,1.0,0.0
2882,b,c,0.0,1.0
2883,w,c,0.0,1.0
2884,b,c,1.0,0.0
2885,w,c,1.0,0.0
2886,b,c,1.0,0.0
2887,w,c,1.0,0.0
2888,w,c,0.0,0.0
2889,w,c,1.0,0.0
2890,b,c,0.0,0.0
2891,b,c,1.0,0.0
2892,w,c,1.0,0.0
2893,w,c,0.0,1.0
2894,b,c,0.0,0.0
2895,b,c,1.0,1.0
2896,w,c,1.0,1.0
2897,b,c,1.0,0.0
2898,w,c,1.0,0.0
2899,b,c,0.0,0.0
2900,w,c,0.0,0.0
2901,b,c,1.0,0.0
2902,w,c,0.0,0.0
2903,w,c,0.0,1.0
2904,w,c,0.0,0.0
2905,b,c,0.0,1.0
2906,b,c,0.0,0.0
2907,b,c,0.0,0.0
2908,w,c,1.0,0.0
2909,w,c,1.0,0.0
2910,b,c,1.0,0.0
2911,b,c,1.0,0.0
2912,w,c,1.0,0.0
2913,b,c,1.0,0.0
2914,w,c,0.0,0.0
2915,b,c,0.0,0.0
2916,w,c,1.0,0.0
2917,b,c,1.0,0.0
2918,w,c,1.0,0.0
2919,b,c,1.0,0.0
2920,b,c,1.0,0.0
2921,w,c,1.0,0.0
2922,w,c,0.0,0.0
2923,b,c,0.0,0.0
2924,w,c,1.0,0.0
2925,b,c,1.0,0.0
2926,b,c,0.0,0.0
2927,w,c,0.0,0.0
2928,w,c,0.0,0.0
2929,b,c,0.0,0.0
2930,w,c,0.0,0.0
2931,b,c,0.0,0.0
2932,b,c,0.0,0.0
2933,w,c,0.0,0.0
2934,b,c,0.0,0.0
2935,b,c,0.0,0.0
2936,w,c,0.0,0.0
2937,w,c,0.0,0.0
2938,b,c,1.0,0.0
2939,w,c,0.0,0.0
2940,w,c,1.0,0.0
2941,w,c,1.0,0.0
2942,b,c,1.0,0.0
2943,b,c,0.0,0.0
2944,w,c,0.0,0.0
2945,b,c,0.0,0.0
2946,w,b,1.0,0.0
2947,w,b,0.0,0.0
2948,w,b,0.0,0.0
2949,w,b,0.0,1.0
2950,w,b,0.0,1.0
2951,w,b,0.0,0.0
2952,w,b,0.0,0.0
2953,w,b,0.0,0.0
2954,b,b,0.0,0.0
2955,b,b,1.0,0.0
2956,w,b,1.0,0.0
2957,w,b,1.0,0.0
2958,b,b,0.0,0.0
2959,w,b,1.0,0.0
2960,w,b,0.0,0.0
2961,b,b,1.0,0.0
2962,b,b,0.0,0.0
2963,b,b,1.0,0.0
2964,b,b,1.0,0.0
2965,w,b,0.0,0.0
2966,w,b,1.0,0.0
2967,w,b,0.0,0.0
2968,b,b,1.0,0.0
2969,b,b,0.0,0.0
2970,w,b,1.0,0.0
2971,b,b,0.0,1.0
2972,b,b,1.0,0.0
2973,b,b,1.0,0.0
2974,b,b,0.0,0.0
2975,b,b,0.0,0.0
2976,b,b,0.0,0.0
2977,w,b,1.0,0.0
2978,w,b,1.0,0.0
2979,b,b,0.0,0.0
2980,b,b,0.0,0.0
2981,b,b,1.0,0.0
2982,b,c,1.0,0.0
2983,w,c,1.0,0.0
2984,b,c,1.0,0.0
2985,w,c,1.0,0.0
2986,w,c,0.0,0.0
2987,w,c,0.0,0.0
2988,b,c,0.0,0.0
2989,b,c,0.0,0.0
2990,w,c,0.0,0.0
2991,b,c,0.0,0.0
2992,b,c,0.0,0.0
2993,w,c,0.0,0.0
2994,w,b,0.0,0.0
2995,w,b,0.0,0.0
2996,w,b,0.0,0.0
2997,w,b,0.0,0.0
2998,b,b,0.0,0.0
2999,b,b,1.0,0.0
3000,w,b,0.0,0.0
3001,w,b,0.0,0.0
3002,b,b,0.0,0.0
3003,b,b,0.0,0.0
3004,b,b,0.0,0.0
3005,b,b,0.0,0.0
3006,b,b,0.0,0.0
3007,b,b,0.0,0.0
3008,b,b,0.0,1.0
3009,w,b,0.0,0.0
3010,w,b,1.0,0.0
3011,w,b,0.0,0.0
3012,w,b,0.0,0.0
3013,b,b,0.0,0.0
3014,w,b,0.0,0.0
3015,w,b,1.0,0.0
3016,b,b,0.0,0.0
3017,b,b,1.0,0.0
3018,w,b,0.0,0.0
3019,w,b,0.0,1.0
3020,b,b,0.0,1.0
3021,b,b,0.0,0.0
3022,w,b,0.0,0.0
3023,b,b,0.0,0.0
3024,w,b,0.0,0.0
3025,b,b,0.0,0.0
3026,w,b,0.0,0.0
3027,w,b,0.0,0.0
3028,b,b,0.0,0.0
3029,b,b,0.0,0.0
3030,w,b,0.0,0.0
3031,w,b,0.0,0.0
3032,b,b,0.0,0.0
3033,b,b,0.0,0.0
3034,w,b,0.0,0.0
3035,b,b,0.0,0.0
3036,b,b,0.0,0.0
3037,w,b,0.0,0.0
3038,w,b,1.0,0.0
3039,w,b,1.0,0.0
3040,b,b,1.0,0.0
3041,b,b,1.0,0.0
3042,b,c,0.0,1.0
3043,w,c,0.0,0.0
3044,w,c,0.0,0.0
3045,b,c,0.0,0.0
3046,w,c,0.0,0.0
3047,b,c,0.0,0.0
3048,w,c,0.0,0.0
3049,b,c,0.0,0.0
3050,b,b,1.0,0.0
3051,w,b,1.0,0.0
3052,w,b,0.0,0.0
3053,w,b,1.0,0.0
3054,w,b,1.0,0.0
3055,b,b,0.0,0.0
3056,w,b,1.0,0.0
3057,b,b,1.0,0.0
3058,b,b,1.0,0.0
3059,b,b,1.0,0.0
3060,w,b,0.0,0.0
3061,b,b,0.0,0.0
3062,w,b,0.0,0.0
3063,b,b,0.0,0.0
3064,b,b,0.0,0.0
3065,w,b,0.0,0.0
3066,w,b,0.0,0.0
3067,w,b,0.0,0.0
3068,b,b,0.0,0.0
3069,b,b,0.0,0.0
3070,w,b,0.0,0.0
3071,w,b,0.0,0.0
3072,b,b,0.0,0.0
3073,b,b,0.0,0.0
3074,w,b,0.0,0.0
3075,w,b,0.0,0.0
3076,b,b,0.0,0.0
3077,b,b,0.0,0.0
3078,w,b,0.0,0.0
3079,b,b,0.0,0.0
3080,w,b,0.0,0.0
3081,b,b,0.0,0.0
3082,w,b,0.0,0.0
3083,w,b,0.0,0.0
3084,b,b,0.0,0.0
3085,b,b,0.0,0.0
3086,b,b,0.0,0.0
3087,b,b,0.0,0.0
3088,w,b,0.0,0.0
3089,w,b,0.0,0.0
3090,w,b,0.0,0.0
3091,b,b,0.0,0.0
3092,w,b,0.0,0.0
3093,b,b,0.0,0.0
3094,w,b,0.0,0.0
3095,b,b,0.0,1.0
3096,w,b,0.0,0.0
3097,b,b,0.0,0.0
3098,w,c,1.0,0.0
3099,w,c,1.0,0.0
3100,b,c,1.0,0.0
3101,b,c,1.0,0.0
3102,b,b,1.0,0.0
3103,w,b,0.0,0.0
3104,w,b,0.0,0.0
3105,w,b,0.0,0.0
3106,w,b,1.0,0.0
3107,w,b,0.0,0.0
3108,w,b,0.0,0.0
3109,b,b,0.0,0.0
3110,b,b,0.0,0.0
3111,w,b,0.0,0.0
3112,b,b,0.0,0.0
3113,b,b,0.0,0.0
3114,b,b,0.0,0.0
3115,w,b,0.0,0.0
3116,w,b,1.0,0.0
3117,b,b,1.0,0.0
3118,b,b,0.0,0.0
3119,w,b,0.0,0.0
3120,b,b,0.0,0.0
3121,b,b,0.0,0.0
3122,w,b,1.0,0.0
3123,b,b,1.0,0.0
3124,w,b,1.0,0.0
3125,b,b,1.0,0.0
3126,w,c,0.0,0.0
3127,w,c,0.0,0.0
3128,b,c,0.0,0.0
3129,b,c,0.0,0.0
3130,w,b,0.0,0.0
3131,w,b,1.0,0.0
3132,w,b,1.0,0.0
3133,w,b,0.0,0.0
3134,b,b,0.0,0.0
3135,w,b,1.0,0.0
3136,w,b,0.0,0.0
3137,b,b,1.0,0.0
3138,b,b,0.0,0.0
3139,b,b,0.0,0.0
3140,b,b,0.0,0.0
3141,w,b,0.0,0.0
3142,w,b,0.0,0.0
3143,b,b,1.0,0.0
3144,b,b,0.0,0.0
3145,b,b,0.0,0.0
3146,w,b,0.0,0.0
3147,b,b,1.0,0.0
3148,w,b,1.0,0.0
3149,w,b,0.0,0.0
3150,w,b,0.0,0.0
3151,b,b,0.0,0.0
3152,b,b,1.0,0.0
3153,b,b,0.0,0.0
3154,b,c,0.0,0.0
3155,w,c,0.0,0.0
3156,w,c,0.0,1.0
3157,b,c,0.0,0.0
3158,b,b,0.0,0.0
3159,w,b,1.0,0.0
3160,b,b,0.0,0.0
3161,b,b,1.0,0.0
3162,w,b,1.0,0.0
3163,w,b,0.0,0.0
3164,b,b,1.0,0.0
3165,w,b,0.0,0.0
3166,b,b,1.0,0.0
3167,b,b,1.0,0.0
3168,b,b,1.0,1.0
3169,w,b,0.0,0.0
3170,w,b,0.0,0.0
3171,w,b,1.0,1.0
3172,w,b,1.0,1.0
3173,w,b,1.0,0.0
3174,b,b,1.0,0.0
3175,w,b,1.0,0.0
3176,b,b,0.0,0.0
3177,b,b,0.0,0.0
3178,b,b,0.0,1.0
3179,w,b,0.0,0.0
3180,w,b,0.0,0.0
3181,b,b,0.0,0.0
3182,w,c,0.0,0.0
3183,b,c,0.0,0.0
3184,w,c,0.0,0.0
3185,b,c,0.0,0.0
3186,w,b,0.0,0.0
3187,w,b,0.0,0.0
3188,w,b,0.0,0.0
3189,b,b,0.0,0.0
3190,b,b,0.0,0.0
3191,b,b,0.0,0.0
3192,b,b,0.0,0.0
3193,w,b,0.0,0.0
3194,b,b,0.0,0.0
3195,b,b,0.0,0.0
3196,w,b,0.0,0.0
3197,b,b,0.0,1.0
3198,w,b,0.0,0.0
3199,w,b,0.0,0.0
3200,w,b,0.0,0.0
3201,b,b,0.0,0.0
3202,b,b,0.0,0.0
3203,b,b,0.0,0.0
3204,w,b,0.0,0.0
3205,w,b,0.0,0.0
3206,b,b,0.0,0.0
3207,w,b,0.0,0.0
3208,w,b,0.0,0.0
3209,w,b,0.0,0.0
3210,w,b,0.0,0.0
3211,b,b,0.0,0.0
3212,b,b,0.0,0.0
3213,b,b,0.0,0.0
3214,w,b,0.0,0.0
3215,b,b,0.0,0.0
3216,b,b,0.0,0.0
3217,w,b,0.0,0.0
3218,w,b,0.0,0.0
3219,w,b,0.0,0.0
3220,b,b,0.0,0.0
3221,b,b,0.0,0.0
3222,w,b,1.0,0.0
3223,w,b,1.0,0.0
3224,w,b,0.0,0.0
3225,b,b,0.0,0.0
3226,w,b,1.0,0.0
3227,b,b,0.0,0.0
3228,w,b,1.0,0.0
3229,b,b,1.0,0.0
3230,b,b,1.0,0.0
3231,b,b,1.0,0.0
3232,w,b,0.0,0.0
3233,b,b,1.0,0.0
3234,w,b,0.0,0.0
3235,w,b,0.0,0.0
3236,b,b,0.0,0.0
3237,b,b,0.0,0.0
3238,b,b,0.0,0.0
3239,w,b,0.0,0.0
3240,w,b,0.0,0.0
3241,b,b,0.0,0.0
3242,w,b,1.0,0.0
3243,b,b,1.0,0.0
3244,b,b,1.0,0.0
3245,w,b,1.0,0.0
3246,b,b,0.0,0.0
3247,b,b,1.0,1.0
3248,w,b,1.0,1.0
3249,b,b,0.0,0.0
3250,b,b,0.0,0.0
3251,b,b,0.0,0.0
3252,w,b,0.0,0.0
3253,w,b,0.0,0.0
3254,w,b,0.0,0.0
3255,w,b,0.0,0.0
3256,w,b,1.0,1.0
3257,b,b,1.0,1.0
3258,b,b,0.0,0.0
3259,w,b,0.0,0.0
3260,w,b,0.0,1.0
3261,b,b,0.0,0.0
3262,w,c,1.0,0.0
3263,b,c,1.0,0.0
3264,b,c,0.0,0.0
3265,w,c,0.0,0.0
3266,w,c,1.0,0.0
3267,w,c,0.0,0.0
3268,b,c,1.0,0.0
3269,b,c,0.0,0.0
3270,b,c,0.0,0.0
3271,w,c,0.0,0.0
3272,w,c,0.0,0.0
3273,b,c,0.0,0.0
3274,w,c,0.0,1.0
3275,w,c,0.0,1.0
3276,b,c,0.0,1.0
3277,b,c,0.0,1.0
3278,w,c,1.0,0.0
3279,b,c,1.0,1.0
3280,w,c,0.0,0.0
3281,w,c,0.0,0.0
3282,w,c,0.0,0.0
3283,b,c,0.0,0.0
3284,b,c,0.0,0.0
3285,b,c,0.0,0.0
3286,w,c,0.0,0.0
3287,b,c,0.0,0.0
3288,w,c,0.0,0.0
3289,b,c,0.0,0.0
3290,w,c,0.0,0.0
3291,b,c,0.0,0.0
3292,w,c,0.0,0.0
3293,b,c,1.0,0.0
3294,b,c,0.0,0.0
3295,w,c,1.0,0.0
3296,w,c,0.0,0.0
3297,b,c,0.0,0.0
3298,w,c,1.0,0.0
3299,w,c,1.0,1.0
3300,b,c,1.0,1.0
3301,b,c,1.0,0.0
3302,w,c,0.0,0.0
3303,w,c,0.0,0.0
3304,b,c,0.0,0.0
3305,b,c,0.0,0.0
3306,w,c,1.0,0.0
3307,b,c,1.0,0.0
3308,b,c,1.0,0.0
3309,w,c,1.0,0.0
3310,w,c,1.0,1.0
3311,w,c,1.0,0.0
3312,b,c,1.0,0.0
3313,b,c,1.0,0.0
3314,b,c,1.0,0.0
3315,w,c,1.0,0.0
3316,w,c,0.0,0.0
3317,w,c,0.0,0.0
3318,b,c,0.0,0.0
3319,b,c,0.0,0.0
3320,b,c,0.0,0.0
3321,w,c,0.0,0.0
3322,w,c,0.0,0.0
3323,w,c,0.0,0.0
3324,b,c,0.0,0.0
3325,b,c,0.0,0.0
3326,b,c,0.0,0.0
3327,w,c,0.0,0.0
3328,b,c,0.0,0.0
3329,w,c,0.0,0.0
3330,w,c,1.0,0.0
3331,b,c,1.0,0.0
3332,w,c,1.0,0.0
3333,b,c,1.0,0.0
3334,b,c,1.0,0.0
3335,w,c,1.0,0.0
3336,w,c,1.0,0.0
3337,b,c,1.0,0.0
3338,w,c,1.0,0.0
3339,b,c,1.0,0.0
3340,w,c,1.0,1.0
3341,b,c,1.0,1.0
3342,w,c,1.0,0.0
3343,w,c,0.0,0.0
3344,b,c,0.0,0.0
3345,b,c,1.0,0.0
3346,b,c,1.0,0.0
3347,b,c,0.0,0.0
3348,w,c,1.0,1.0
3349,w,c,0.0,0.0
3350,b,c,1.0,0.0
3351,w,c,1.0,0.0
3352,w,c,1.0,0.0
3353,w,c,0.0,0.0
3354,b,c,1.0,0.0
3355,b,c,0.0,0.0
3356,b,c,0.0,0.0
3357,w,c,0.0,0.0
3358,b,c,1.0,1.0
3359,b,c,0.0,1.0
3360,b,c,1.0,0.0
3361,w,c,0.0,0.0
3362,w,c,1.0,0.0
3363,b,c,0.0,0.0
3364,w,c,1.0,1.0
3365,w,c,0.0,0.0
3366,b,c,1.0,0.0
3367,w,c,1.0,0.0
3368,w,c,1.0,0.0
3369,b,c,1.0,0.0
3370,w,c,0.0,1.0
3371,b,c,0.0,0.0
3372,w,c,0.0,0.0
3373,w,c,0.0,0.0
3374,b,c,0.0,0.0
3375,b,c,0.0,0.0
3376,w,c,0.0,0.0
3377,b,c,0.0,0.0
3378,w,c,1.0,0.0
3379,b,c,1.0,0.0
3380,w,c,0.0,0.0
3381,w,c,0.0,1.0
3382,w,c,0.0,0.0
3383,b,c,0.0,1.0
3384,b,c,0.0,0.0
3385,b,c,0.0,1.0
3386,w,c,0.0,0.0
3387,b,c,1.0,0.0
3388,b,c,0.0,0.0
3389,w,c,1.0,0.0
3390,w,c,0.0,0.0
3391,b,c,0.0,0.0
3392,w,c,0.0,0.0
3393,b,c,0.0,0.0
3394,b,c,0.0,0.0
3395,b,c,0.0,1.0
3396,w,c,0.0,1.0
3397,w,c,0.0,0.0
3398,b,c,0.0,0.0
3399,w,c,0.0,0.0
3400,w,c,1.0,0.0
3401,b,c,0.0,0.0
3402,w,c,0.0,0.0
3403,b,c,1.0,0.0
3404,w,c,1.0,0.0
3405,w,c,0.0,0.0
3406,b,c,0.0,0.0
3407,b,c,1.0,0.0
3408,w,c,1.0,0.0
3409,b,c,1.0,0.0
3410,w,c,1.0,0.0
3411,b,c,0.0,0.0
3412,b,c,1.0,0.0
3413,w,c,0.0,0.0
3414,w,c,0.0,0.0
3415,b,c,0.0,0.0
3416,b,c,0.0,0.0
3417,w,c,0.0,0.0
3418,w,c,0.0,0.0
3419,b,c,0.0,0.0
3420,b,c,0.0,0.0
3421,w,c,0.0,0.0
3422,w,c,0.0,0.0
3423,b,c,0.0,0.0
3424,w,c,0.0,0.0
3425,b,c,0.0,0.0
3426,b,c,0.0,0.0
3427,w,c,0.0,0.0
3428,w,c,0.0,0.0
3429,b,c,0.0,0.0
3430,b,c,0.0,0.0
3431,w,c,0.0,0.0
3432,w,c,0.0,0.0
3433,b,c,0.0,0.0
3434,b,c,1.0,0.0
3435,w,c,1.0,0.0
3436,b,c,1.0,0.0
3437,b,c,0.0,0.0
3438,w,c,0.0,1.0
3439,w,c,1.0,0.0
3440,b,c,0.0,0.0
3441,w,c,0.0,0.0
3442,w,b,1.0,0.0
3443,w,b,1.0,0.0
3444,b,b,1.0,0.0
3445,b,b,0.0,0.0
3446,w,b,0.0,0.0
3447,w,b,1.0,0.0
3448,w,b,1.0,0.0
3449,w,b,1.0,0.0
3450,w,b,0.0,0.0
3451,b,b,1.0,0.0
3452,b,b,1.0,0.0
3453,b,b,0.0,0.0
3454,w,b,0.0,0.0
3455,w,b,1.0,0.0
3456,b,b,1.0,0.0
3457,b,b,1.0,0.0
3458,b,b,1.0,0.0
3459,w,b,1.0,0.0
3460,w,b,1.0,0.0
3461,w,b,0.0,0.0
3462,b,b,0.0,0.0
3463,b,b,0.0,0.0
3464,b,b,1.0,0.0
3465,b,b,1.0,0.0
3466,w,b,1.0,0.0
3467,w,b,0.0,0.0
3468,w,b,0.0,0.0
3469,b,b,0.0,0.0
3470,b,b,1.0,0.0
3471,b,b,1.0,0.0
3472,b,b,0.0,0.0
3473,w,b,1.0,0.0
3474,w,b,0.0,0.0
3475,b,b,1.0,0.0
3476,b,b,1.0,0.0
3477,w,b,1.0,0.0
3478,w,b,1.0,0.0
3479,b,b,0.0,0.0
3480,b,b,0.0,0.0
3481,w,b,0.0,0.0
3482,b,b,0.0,0.0
3483,w,b,0.0,0.0
3484,w,b,0.0,1.0
3485,b,b,1.0,0.0
3486,b,b,0.0,0.0
3487,b,b,1.0,0.0
3488,b,b,0.0,0.0
3489,b,b,0.0,0.0
3490,w,b,1.0,0.0
3491,w,b,0.0,1.0
3492,b,b,0.0,0.0
3493,b,b,1.0,0.0
3494,w,b,1.0,0.0
3495,w,b,1.0,0.0
3496,w,b,0.0,0.0
3497,w,b,0.0,0.0
3498,b,b,0.0,0.0
3499,w,b,0.0,0.0
3500,w,b,1.0,0.0
3501,b,b,1.0,0.0
3502,b,b,0.0,0.0
3503,b,b,0.0,0.0
3504,w,b,0.0,0.0
3505,w,b,0.0,0.0
3506,b,b,0.0,0.0
3507,w,b,0.0,0.0
3508,w,b,0.0,0.0
3509,w,b,0.0,0.0
3510,w,b,0.0,0.0
3511,w,b,0.0,0.0
3512,b,b,0.0,0.0
3513,b,b,0.0,0.0
3514,b,b,1.0,0.0
3515,b,b,0.0,0.0
3516,b,b,0.0,0.0
3517,w,b,0.0,0.0
3518,b,b,1.0,0.0
3519,b,b,0.0,0.0
3520,w,b,1.0,0.0
3521,w,b,1.0,0.0
3522,w,b,1.0,0.0
3523,b,b,1.0,0.0
3524,w,b,1.0,0.0
3525,b,b,1.0,0.0
3526,w,b,0.0,0.0
3527,b,b,0.0,0.0
3528,w,b,0.0,0.0
3529,b,b,0.0,0.0
3530,w,b,1.0,0.0
3531,w,b,0.0,0.0
3532,b,b,0.0,0.0
3533,w,b,0.0,0.0
3534,w,b,1.0,0.0
3535,b,b,0.0,0.0
3536,b,b,0.0,0.0
3537,w,b,0.0,0.0
3538,b,b,0.0,0.0
3539,b,b,1.0,0.0
3540,w,b,0.0,0.0
3541,b,b,1.0,0.0
3542,b,b,1.0,0.0
3543,w,b,0.0,0.0
3544,w,b,1.0,0.0
3545,w,b,0.0,0.0
3546,w,b,1.0,0.0
3547,w,b,0.0,0.0
3548,w,b,0.0,0.0
3549,b,b,0.0,0.0
3550,b,b,1.0,0.0
3551,b,b,0.0,0.0
3552,b,b,0.0,0.0
3553,w,b,1.0,0.0
3554,b,b,1.0,0.0
3555,w,b,1.0,0.0
3556,b,b,1.0,0.0
3557,b,b,0.0,0.0
3558,w,b,0.0,0.0
3559,w,b,0.0,0.0
3560,w,b,0.0,0.0
3561,b,b,0.0,0.0
3562,b,b,0.0,0.0
3563,w,b,0.0,0.0
3564,b,b,0.0,0.0
3565,b,b,0.0,0.0
3566,w,b,0.0,0.0
3567,w,b,0.0,0.0
3568,b,b,0.0,0.0
3569,w,b,0.0,0.0
3570,b,b,0.0,0.0
3571,w,b,0.0,0.0
3572,b,b,0.0,0.0
3573,w,b,0.0,0.0
3574,w,b,0.0,0.0
3575,b,b,0.0,0.0
3576,b,b,0.0,0.0
3577,b,b,0.0,0.0
3578,b,b,0.0,0.0
3579,w,b,0.0,1.0
3580,w,b,0.0,0.0
3581,b,b,0.0,0.0
3582,w,b,0.0,0.0
3583,w,b,0.0,0.0
3584,w,b,0.0,0.0
3585,b,b,0.0,0.0
3586,b,b,0.0,1.0
3587,b,b,0.0,0.0
3588,b,b,0.0,0.0
3589,b,b,0.0,0.0
3590,w,b,0.0,0.0
3591,w,b,0.0,1.0
3592,w,b,0.0,0.0
3593,b,b,0.0,0.0
3594,b,b,0.0,0.0
3595,b,b,0.0,0.0
3596,w,b,0.0,0.0
3597,w,b,0.0,0.0
3598,b,b,0.0,1.0
3599,w,b,0.0,1.0
3600,w,b,0.0,1.0
3601,b,b,0.0,0.0
3602,w,b,1.0,0.0
3603,b,b,1.0,0.0
3604,w,b,1.0,0.0
3605,w,b,0.0,0.0
3606,b,b,0.0,0.0
3607,b,b,0.0,0.0
3608,w,b,0.0,0.0
3609,b,b,1.0,0.0
3610,w,b,0.0,0.0
3611,b,b,0.0,0.0
3612,w,b,0.0,1.0
3613,b,b,0.0,0.0
3614,w,b,1.0,0.0
3615,w,b,1.0,0.0
3616,w,b,0.0,0.0
3617,b,b,0.0,0.0
3618,b,b,1.0,0.0
3619,w,b,0.0,0.0
3620,b,b,0.0,0.0
3621,b,b,1.0,0.0
3622,w,b,0.0,0.0
3623,b,b,0.0,0.0
3624,w,b,0.0,0.0
3625,b,b,0.0,1.0
3626,w,b,0.0,1.0
3627,b,b,0.0,0.0
3628,w,b,0.0,1.0
3629,b,b,0.0,1.0
3630,w,c,0.0,1.0
3631,b,c,0.0,1.0
3632,w,c,0.0,0.0
3633,w,c,0.0,1.0
3634,b,c,0.0,0.0
3635,b,c,1.0,0.0
3636,b,c,0.0,1.0
3637,b,c,1.0,0.0
3638,w,c,1.0,0.0
3639,w,c,1.0,0.0
3640,w,c,0.0,0.0
3641,w,c,0.0,0.0
3642,b,c,0.0,0.0
3643,b,c,0.0,0.0
3644,w,c,0.0,1.0
3645,b,c,0.0,1.0
3646,b,c,0.0,1.0
3647,w,c,0.0,0.0
3648,b,c,0.0,0.0
3649,w,c,0.0,0.0
3650,w,c,0.0,0.0
3651,b,c,0.0,0.0
3652,w,c,0.0,0.0
3653,b,c,0.0,0.0
3654,b,c,0.0,0.0
3655,w,c,0.0,0.0
3656,w,c,0.0,0.0
3657,b,c,0.0,0.0
3658,w,c,0.0,0.0
3659,b,c,0.0,0.0
3660,w,c,0.0,0.0
3661,b,c,0.0,0.0
3662,w,c,0.0,0.0
3663,w,c,0.0,0.0
3664,b,c,0.0,0.0
3665,b,c,0.0,0.0
3666,w,c,0.0,0.0
3667,w,c,0.0,0.0
3668,w,c,0.0,0.0
3669,b,c,0.0,0.0
3670,b,c,0.0,0.0
3671,w,c,0.0,0.0
3672,b,c,0.0,0.0
3673,b,c,0.0,0.0
3674,w,c,0.0,0.0
3675,b,c,0.0,0.0
3676,w,c,0.0,0.0
3677,b,c,0.0,0.0
3678,w,c,0.0,0.0
3679,b,c,0.0,0.0
3680,w,c,1.0,0.0
3681,b,c,1.0,0.0
3682,b,c,1.0,0.0
3683,w,c,1.0,0.0
3684,w,c,1.0,0.0
3685,b,c,1.0,0.0
3686,w,c,1.0,0.0
3687,b,c,1.0,0.0
3688,w,c,0.0,0.0
3689,b,c,0.0,0.0
3690,w,c,0.0,0.0
3691,b,c,0.0,1.0
3692,w,c,0.0,1.0
3693,b,c,0.0,1.0
3694,b,c,0.0,0.0
3695,w,c,0.0,1.0
3696,b,c,0.0,1.0
3697,w,c,0.0,0.0
3698,w,c,1.0,0.0
3699,b,c,1.0,0.0
3700,b,c,0.0,0.0
3701,w,c,0.0,1.0
3702,b,c,1.0,0.0
3703,w,c,1.0,0.0
3704,b,c,1.0,0.0
3705,w,c,1.0,0.0
3706,w,c,0.0,0.0
3707,b,c,0.0,0.0
3708,w,c,1.0,0.0
3709,b,c,1.0,0.0
3710,w,b,0.0,0.0
3711,b,b,0.0,0.0
3712,w,b,0.0,0.0
3713,b,b,0.0,0.0
3714,b,c,1.0,0.0
3715,w,c,0.0,1.0
3716,b,c,0.0,0.0
3717,w,c,1.0,0.0
3718,w,c,1.0,0.0
3719,b,c,1.0,0.0
3720,b,c,1.0,0.0
3721,w,c,1.0,0.0
3722,b,c,1.0,0.0
3723,w,c,1.0,0.0
3724,b,c,1.0,0.0
3725,b,c,1.0,0.0
3726,w,c,1.0,0.0
3727,w,c,1.0,0.0
3728,w,c,0.0,0.0
3729,b,c,0.0,0.0
3730,w,c,0.0,0.0
3731,w,c,0.0,0.0
3732,b,c,0.0,0.0
3733,b,c,0.0,0.0
3734,w,c,1.0,0.0
3735,b,c,1.0,0.0
3736,w,c,1.0,0.0
3737,b,c,1.0,0.0
3738,w,c,1.0,0.0
3739,b,c,1.0,0.0
3740,w,c,1.0,0.0
3741,b,c,1.0,0.0
3742,b,c,0.0,0.0
3743,w,c,0.0,0.0
3744,w,c,0.0,0.0
3745,b,c,0.0,0.0
3746,w,c,0.0,0.0
3747,b,c,0.0,0.0
3748,w,c,1.0,0.0
3749,w,c,0.0,0.0
3750,w,c,1.0,0.0
3751,b,c,1.0,0.0
3752,b,c,1.0,0.0
3753,b,c,0.0,0.0
3754,w,c,0.0,0.0
3755,w,c,1.0,0.0
3756,b,c,1.0,1.0
3757,b,c,1.0,0.0
3758,w,c,1.0,0.0
3759,b,c,0.0,0.0
3760,w,c,1.0,0.0
3761,b,c,1.0,0.0
3762,w,c,1.0,0.0
3763,b,c,1.0,0.0
3764,w,c,0.0,0.0
3765,w,c,0.0,0.0
3766,b,c,0.0,0.0
3767,w,c,0.0,0.0
3768,b,c,0.0,0.0
3769,b,c,0.0,0.0
3770,w,c,0.0,0.0
3771,b,c,0.0,0.0
3772,w,c,0.0,1.0
3773,b,c,0.0,0.0
3774,w,c,0.0,0.0
3775,b,c,0.0,0.0
3776,w,c,0.0,0.0
3777,b,c,0.0,0.0
3778,b,c,0.0,0.0
3779,w,c,0.0,0.0
3780,w,c,1.0,0.0
3781,b,c,1.0,0.0
3782,w,c,1.0,0.0
3783,w,c,0.0,0.0
3784,b,c,1.0,0.0
3785,b,c,0.0,0.0
3786,w,c,1.0,0.0
3787,b,c,1.0,0.0
3788,w,c,1.0,0.0
3789,b,c,1.0,0.0
3790,w,c,1.0,1.0
3791,w,c,0.0,0.0
3792,b,c,1.0,0.0
3793,w,c,0.0,0.0
3794,w,c,1.0,0.0
3795,b,c,0.0,0.0
3796,b,c,1.0,0.0
3797,b,c,0.0,0.0
3798,w,c,1.0,1.0
3799,b,c,1.0,0.0
3800,w,c,1.0,0.0
3801,w,c,0.0,0.0
3802,b,c,1.0,0.0
3803,b,c,0.0,0.0
3804,w,c,0.0,0.0
3805,b,c,0.0,0.0
3806,b,b,1.0,0.0
3807,b,b,1.0,1.0
3808,w,b,1.0,0.0
3809,w,b,1.0,0.0
3810,w,b,1.0,1.0
3811,w,b,1.0,0.0
3812,w,b,1.0,0.0
3813,w,b,0.0,0.0
3814,b,b,1.0,0.0
3815,b,b,0.0,0.0
3816,b,b,0.0,0.0
3817,b,b,1.0,0.0
3818,b,b,1.0,0.0
3819,w,b,0.0,0.0
3820,w,b,0.0,0.0
3821,b,b,0.0,0.0
3822,b,b,0.0,0.0
3823,b,b,1.0,0.0
3824,w,b,1.0,0.0
3825,b,b,1.0,0.0
3826,w,b,1.0,0.0
3827,w,b,0.0,0.0
3828,w,b,1.0,0.0
3829,b,b,0.0,0.0
3830,b,b,1.0,0.0
3831,w,b,0.0,0.0
3832,w,b,0.0,0.0
3833,b,b,0.0,0.0
3834,w,b,0.0,0.0
3835,w,b,1.0,0.0
3836,b,b,1.0,0.0
3837,w,b,1.0,0.0
3838,b,b,1.0,0.0
3839,w,b,1.0,0.0
3840,w,b,0.0,0.0
3841,b,b,1.0,0.0
3842,b,b,1.0,0.0
3843,b,b,0.0,0.0
3844,w,b,1.0,0.0
3845,b,b,0.0,0.0
3846,b,b,0.0,0.0
3847,w,b,0.0,0.0
3848,w,b,0.0,0.0
3849,b,b,0.0,0.0
3850,w,b,1.0,0.0
3851,w,b,1.0,0.0
3852,b,b,1.0,0.0
3853,b,b,1.0,0.0
3854,w,b,0.0,0.0
3855,b,b,0.0,0.0
3856,w,b,0.0,0.0
3857,b,b,0.0,0.0
3858,b,b,0.0,0.0
3859,w,b,0.0,0.0
3860,w,b,0.0,0.0
3861,b,b,0.0,0.0
3862,w,b,0.0,0.0
3863,b,b,0.0,0.0
3864,w,b,0.0,0.0
3865,b,b,0.0,0.0
3866,w,b,0.0,0.0
3867,w,b,0.0,0.0
3868,w,b,0.0,0.0
3869,w,b,0.0,0.0
3870,b,b,0.0,0.0
3871,b,b,0.0,0.0
3872,b,b,0.0,0.0
3873,b,b,0.0,0.0
3874,w,b,1.0,0.0
3875,b,b,1.0,0.0
3876,b,b,1.0,0.0
3877,w,b,1.0,0.0
3878,w,b,1.0,0.0
3879,b,b,0.0,0.0
3880,w,b,0.0,0.0
3881,w,b,0.0,0.0
3882,b,b,0.0,0.0
3883,b,b,1.0,0.0
3884,w,b,1.0,0.0
3885,b,b,1.0,0.0
3886,b,b,0.0,0.0
3887,w,b,0.0,0.0
3888,w,b,0.0,0.0
3889,b,b,0.0,0.0
3890,w,b,0.0,0.0
3891,b,b,0.0,0.0
3892,w,b,0.0,0.0
3893,b,b,0.0,0.0
3894,w,b,0.0,0.0
3895,b,b,0.0,0.0
3896,b,b,0.0,0.0
3897,w,b,0.0,0.0
3898,b,b,0.0,0.0
3899,w,b,0.0,0.0
3900,b,b,0.0,0.0
3901,w,b,0.0,0.0
3902,w,b,0.0,0.0
3903,b,b,0.0,0.0
3904,b,b,0.0,0.0
3905,w,b,0.0,0.0
3906,w,b,0.0,0.0
3907,b,b,0.0,0.0
3908,b,b,0.0,0.0
3909,w,b,0.0,0.0
3910,w,b,1.0,0.0
3911,b,b,1.0,0.0
3912,b,b,1.0,0.0
3913,w,b,1.0,0.0
3914,w,c,1.0,0.0
3915,b,c,1.0,0.0
3916,b,c,1.0,0.0
3917,w,c,1.0,1.0
3918,w,c,1.0,0.0
3919,w,c,1.0,0.0
3920,b,c,0.0,0.0
3921,b,c,1.0,0.0
3922,b,c,1.0,0.0
3923,w,c,0.0,0.0
3924,b,c,1.0,0.0
3925,w,c,1.0,0.0
3926,w,c,0.0,0.0
3927,w,c,0.0,0.0
3928,b,c,0.0,0.0
3929,b,c,0.0,0.0
3930,w,c,0.0,0.0
3931,b,c,0.0,0.0
3932,w,c,0.0,0.0
3933,b,c,0.0,0.0
3934,b,c,1.0,0.0
3935,b,c,0.0,0.0
3936,w,c,1.0,0.0
3937,b,c,1.0,0.0
3938,w,c,0.0,0.0
3939,w,c,1.0,0.0
3940,b,c,0.0,0.0
3941,b,c,0.0,0.0
3942,w,c,0.0,0.0
3943,w,c,0.0,0.0
3944,b,c,1.0,0.0
3945,w,c,1.0,0.0
3946,w,c,1.0,0.0
3947,b,c,1.0,0.0
3948,w,c,1.0,0.0
3949,b,c,1.0,0.0
3950,w,c,1.0,0.0
3951,b,c,1.0,0.0
3952,w,c,1.0,0.0
3953,b,c,1.0,1.0
3954,b,c,1.0,0.0
3955,w,c,1.0,0.0
3956,w,c,0.0,0.0
3957,w,c,0.0,0.0
3958,b,c,0.0,0.0
3959,b,c,0.0,0.0
3960,b,c,1.0,0.0
3961,w,c,1.0,0.0
3962,w,c,0.0,0.0
3963,b,c,1.0,0.0
3964,w,c,1.0,0.0
3965,b,c,0.0,0.0
3966,w,c,0.0,0.0
3967,b,c,0.0,0.0
3968,w,c,1.0,0.0
3969,b,c,1.0,0.0
3970,b,c,1.0,0.0
3971,w,c,1.0,0.0
3972,w,c,1.0,0.0
3973,b,c,1.0,0.0
3974,b,c,1.0,0.0
3975,w,c,1.0,0.0
3976,w,c,1.0,0.0
3977,b,c,1.0,0.0
3978,w,c,0.0,0.0
3979,b,c,0.0,0.0
3980,w,c,0.0,0.0
3981,b,c,0.0,0.0
3982,w,c,0.0,0.0
3983,b,c,0.0,0.0
3984,w,c,0.0,0.0
3985,b,c,0.0,0.0
3986,w,c,0.0,0.0
3987,b,c,0.0,0.0
3988,w,c,0.0,0.0
3989,b,c,0.0,0.0
3990,w,c,0.0,0.0
3991,b,c,0.0,0.0
3992,w,c,0.0,0.0
3993,b,c,0.0,0.0
3994,w,c,0.0,0.0
3995,w,c,1.0,0.0
3996,b,c,0.0,0.0
3997,b,c,1.0,0.0
3998,w,c,0.0,0.0
3999,b,c,0.0,0.0
4000,w,c,1.0,0.0
4001,b,c,0.0,0.0
4002,w,c,1.0,0.0
4003,b,c,1.0,0.0
4004,b,c,1.0,0.0
4005,w,c,0.0,0.0
4006,w,c,0.0,1.0
4007,b,c,0.0,1.0
4008,b,c,0.0,0.0
4009,w,c,1.0,0.0
4010,w,c,1.0,0.0
4011,w,c,0.0,0.0
4012,b,c,1.0,0.0
4013,b,c,1.0,0.0
4014,w,c,1.0,0.0
4015,b,c,1.0,0.0
4016,w,c,1.0,0.0
4017,b,c,1.0,0.0
4018,w,c,1.0,1.0
4019,b,c,1.0,0.0
4020,w,c,1.0,0.0
4021,b,c,1.0,0.0
4022,w,c,1.0,0.0
4023,b,c,1.0,0.0
4024,w,c,0.0,0.0
4025,w,c,0.0,0.0
4026,b,c,0.0,0.0
4027,b,c,0.0,0.0
4028,w,c,0.0,0.0
4029,b,c,0.0,0.0
4030,w,c,0.0,0.0
4031,b,c,0.0,0.0
4032,w,c,0.0,0.0
4033,b,c,0.0,0.0
4034,w,c,0.0,0.0
4035,b,c,0.0,0.0
4036,w,c,0.0,0.0
4037,w,c,0.0,0.0
4038,b,c,0.0,0.0
4039,b,c,0.0,0.0
4040,b,c,0.0,0.0
4041,w,c,0.0,0.0
4042,b,c,0.0,0.0
4043,w,c,0.0,0.0
4044,b,c,0.0,0.0
4045,w,c,0.0,1.0
4046,b,c,0.0,0.0
4047,w,c,0.0,0.0
4048,w,c,0.0,0.0
4049,w,c,0.0,0.0
4050,w,c,0.0,0.0
4051,b,c,0.0,0.0
4052,b,c,0.0,0.0
4053,b,c,0.0,0.0
4054,b,c,0.0,0.0
4055,w,c,0.0,0.0
4056,b,c,0.0,0.0
4057,w,c,0.0,0.0
4058,b,c,0.0,0.0
4059,w,c,0.0,0.0
4060,b,c,0.0,0.0
4061,w,c,0.0,0.0
4062,b,c,0.0,0.0
4063,w,c,0.0,0.0
4064,w,c,0.0,0.0
4065,b,c,0.0,0.0
4066,w,c,0.0,1.0
4067,w,c,0.0,0.0
4068,b,c,0.0,0.0
4069,b,c,0.0,0.0
4070,w,c,1.0,1.0
4071,w,c,1.0,1.0
4072,b,c,1.0,1.0
4073,b,c,1.0,1.0
4074,w,c,0.0,0.0
4075,b,c,0.0,0.0
4076,w,c,0.0,0.0
4077,b,c,0.0,0.0
4078,b,c,0.0,0.0
4079,w,c,0.0,0.0
4080,w,c,0.0,0.0
4081,w,c,0.0,0.0
4082,w,c,0.0,0.0
4083,b,c,0.0,0.0
4084,b,c,0.0,1.0
4085,b,c,0.0,1.0
4086,b,b,0.0,0.0
4087,w,b,0.0,0.0
4088,w,b,0.0,0.0
4089,w,b,0.0,0.0
4090,b,b,0.0,0.0
4091,w,b,1.0,0.0
4092,w,b,1.0,0.0
4093,w,b,0.0,0.0
4094,w,b,0.0,0.0
4095,b,b,1.0,0.0
4096,b,b,0.0,0.0
4097,b,b,1.0,0.0
4098,w,b,1.0,0.0
4099,w,b,0.0,0.0
4100,b,b,0.0,0.0
4101,b,b,0.0,0.0
4102,b,b,0.0,0.0
4103,b,b,1.0,0.0
4104,b,b,0.0,0.0
4105,w,b,0.0,0.0
4106,w,b,0.0,0.0
4107,w,b,0.0,0.0
4108,w,b,0.0,0.0
4109,b,b,0.0,0.0
4110,w,b,1.0,0.0
4111,b,b,0.0,0.0
4112,b,b,0.0,0.0
4113,b,b,1.0,0.0
4114,b,b,0.0,0.0
4115,w,b,0.0,0.0
4116,w,b,0.0,0.0
4117,b,b,0.0,0.0
4118,w,b,0.0,0.0
4119,w,b,0.0,0.0
4120,b,b,0.0,0.0
4121,b,b,0.0,0.0
4122,b,b,1.0,0.0
4123,b,b,1.0,0.0
4124,w,b,1.0,0.0
4125,w,b,1.0,0.0
4126,w,b,1.0,1.0
4127,w,b,1.0,1.0
4128,b,b,1.0,1.0
4129,b,b,1.0,1.0
4130,w,b,0.0,0.0
4131,b,b,0.0,0.0
4132,w,b,0.0,0.0
4133,b,b,0.0,0.0
4134,w,b,0.0,0.0
4135,b,b,0.0,0.0
4136,b,b,0.0,0.0
4137,w,b,0.0,0.0
4138,w,b,0.0,0.0
4139,b,b,0.0,0.0
4140,b,b,0.0,0.0
4141,w,b,0.0,0.0
4142,w,b,1.0,1.0
4143,b,b,1.0,1.0
4144,w,b,1.0,0.0
4145,b,b,1.0,1.0
4146,w,b,0.0,0.0
4147,b,b,0.0,0.0
4148,b,b,0.0,0.0
4149,w,b,0.0,0.0
4150,w,b,0.0,0.0
4151,b,b,0.0,0.0
4152,w,b,0.0,0.0
4153,b,b,0.0,0.0
4154,w,b,1.0,0.0
4155,b,b,1.0,0.0
4156,w,b,1.0,0.0
4157,b,b,1.0,0.0
4158,b,b,0.0,0.0
4159,w,b,0.0,0.0
4160,w,b,0.0,0.0
4161,b,b,0.0,0.0
4162,w,b,0.0,0.0
4163,b,b,0.0,0.0
4164,w,b,0.0,0.0
4165,b,b,0.0,0.0
4166,w,b,0.0,0.0
4167,b,b,0.0,0.0
4168,b,b,0.0,1.0
4169,w,b,0.0,0.0
4170,w,b,0.0,0.0
4171,b,b,0.0,0.0
4172,w,b,0.0,0.0
4173,b,b,0.0,0.0
4174,b,c,0.0,0.0
4175,w,c,0.0,0.0
4176,w,c,0.0,0.0
4177,b,c,0.0,0.0
4178,w,c,1.0,0.0
4179,w,c,1.0,0.0
4180,w,c,1.0,0.0
4181,b,c,1.0,0.0
4182,b,c,1.0,0.0
4183,b,c,1.0,0.0
4184,w,c,0.0,0.0
4185,w,c,0.0,0.0
4186,b,c,0.0,0.0
4187,b,c,0.0,0.0
4188,w,c,0.0,0.0
4189,b,c,0.0,0.0
4190,w,c,0.0,1.0
4191,b,c,0.0,0.0
4192,b,c,0.0,0.0
4193,w,c,0.0,1.0
4194,w,c,1.0,0.0
4195,w,c,0.0,0.0
4196,b,c,1.0,0.0
4197,w,c,0.0,0.0
4198,w,c,1.0,0.0
4199,b,c,0.0,0.0
4200,b,c,1.0,0.0
4201,b,c,0.0,0.0
4202,w,c,1.0,0.0
4203,w,c,1.0,0.0
4204,b,c,1.0,0.0
4205,b,c,1.0,0.0
4206,w,c,0.0,0.0
4207,b,c,0.0,0.0
4208,w,c,0.0,0.0
4209,b,c,0.0,0.0
4210,w,c,1.0,0.0
4211,b,c,1.0,0.0
4212,w,c,1.0,0.0
4213,b,c,1.0,0.0
4214,w,c,0.0,0.0
4215,w,c,1.0,0.0
4216,b,c,1.0,0.0
4217,b,c,1.0,0.0
4218,w,c,1.0,0.0
4219,w,c,0.0,0.0
4220,b,c,0.0,0.0
4221,b,c,0.0,0.0
4222,b,c,0.0,0.0
4223,w,c,0.0,0.0
4224,w,c,0.0,0.0
4225,b,c,0.0,0.0
4226,w,c,0.0,0.0
4227,b,c,0.0,0.0
4228,w,c,0.0,0.0
4229,w,c,0.0,0.0
4230,b,c,0.0,0.0
4231,b,c,0.0,0.0
4232,w,c,0.0,0.0
4233,b,c,0.0,0.0
4234,b,c,0.0,0.0
4235,w,c,0.0,0.0
4236,b,c,1.0,0.0
4237,w,c,1.0,0.0
4238,w,c,1.0,0.0
4239,b,c,1.0,0.0
4240,w,c,1.0,0.0
4241,b,c,1.0,1.0
4242,b,c,1.0,0.0
4243,w,c,1.0,1.0
4244,w,c,0.0,0.0
4245,w,c,0.0,1.0
4246,b,c,0.0,1.0
4247,w,c,0.0,0.0
4248,b,c,0.0,1.0
4249,b,c,0.0,0.0
4250,b,c,0.0,0.0
4251,w,c,0.0,0.0
4252,w,c,0.0,0.0
4253,w,c,0.0,0.0
4254,b,c,0.0,0.0
4255,b,c,0.0,0.0
4256,w,c,0.0,0.0
4257,b,c,0.0,0.0
4258,w,c,0.0,0.0
4259,w,c,0.0,0.0
4260,w,c,0.0,0.0
4261,b,c,0.0,0.0
4262,b,c,0.0,0.0
4263,b,c,0.0,0.0
4264,w,c,1.0,0.0
4265,b,c,1.0,0.0
4266,w,c,1.0,0.0
4267,b,c,1.0,0.0
4268,w,c,0.0,0.0
4269,b,c,0.0,0.0
4270,b,c,1.0,0.0
4271,b,c,0.0,0.0
4272,w,c,0.0,0.0
4273,w,c,1.0,0.0
4274,b,c,1.0,0.0
4275,w,c,1.0,0.0
4276,w,c,1.0,0.0
4277,b,c,1.0,0.0
4278,w,c,1.0,0.0
4279,w,c,1.0,0.0
4280,b,c,1.0,0.0
4281,b,c,1.0,0.0
4282,w,c,1.0,0.0
4283,b,c,1.0,0.0
4284,b,c,1.0,0.0
4285,b,c,0.0,1.0
4286,w,c,0.0,1.0
4287,w,c,1.0,0.0
4288,b,c,0.0,0.0
4289,w,c,0.0,0.0
4290,b,c,0.0,0.0
4291,w,c,0.0,0.0
4292,w,c,0.0,0.0
4293,b,c,1.0,0.0
4294,w,c,1.0,1.0
4295,b,c,1.0,0.0
4296,w,c,1.0,1.0
4297,b,c,0.0,0.0
4298,w,c,1.0,0.0
4299,w,c,1.0,0.0
4300,b,c,1.0,0.0
4301,b,c,1.0,0.0
4302,w,c,0.0,0.0
4303,w,c,0.0,0.0
4304,b,c,0.0,0.0
4305,b,c,0.0,0.0
4306,b,c,0.0,0.0
4307,w,c,0.0,0.0
4308,w,c,0.0,0.0
4309,b,c,0.0,0.0
4310,w,c,0.0,0.0
4311,b,c,0.0,0.0
4312,w,c,0.0,0.0
4313,b,c,0.0,0.0
4314,b,c,0.0,0.0
4315,w,c,0.0,0.0
4316,w,c,0.0,0.0
4317,w,c,0.0,0.0
4318,w,c,0.0,0.0
4319,b,c,0.0,0.0
4320,b,c,0.0,0.0
4321,b,c,0.0,0.0
4322,w,c,1.0,0.0
4323,w,c,1.0,0.0
4324,b,c,1.0,0.0
4325,b,c,1.0,0.0
4326,b,c,0.0,0.0
4327,b,c,0.0,0.0
4328,w,c,0.0,0.0
4329,w,c,0.0,0.0
4330,b,c,0.0,0.0
4331,b,c,0.0,0.0
4332,w,c,0.0,1.0
4333,w,c,0.0,0.0
4334,w,c,0.0,1.0
4335,b,c,0.0,1.0
4336,w,b,1.0,0.0
4337,w,b,0.0,0.0
4338,w,b,0.0,0.0
4339,b,b,0.0,0.0
4340,b,b,1.0,0.0
4341,b,b,0.0,0.0
4342,w,b,0.0,0.0
4343,w,b,0.0,0.0
4344,b,b,0.0,0.0
4345,b,b,1.0,0.0
4346,b,b,0.0,0.0
4347,b,b,0.0,0.0
4348,b,b,0.0,0.0
4349,b,b,1.0,0.0
4350,b,b,0.0,0.0
4351,w,b,1.0,0.0
4352,w,b,0.0,0.0
4353,w,b,0.0,0.0
4354,w,b,1.0,0.0
4355,w,b,0.0,0.0
4356,b,b,1.0,0.0
4357,w,b,0.0,0.0
4358,w,b,1.0,0.0
4359,b,b,0.0,0.0
4360,w,b,0.0,0.0
4361,w,b,0.0,0.0
4362,b,b,0.0,1.0
4363,b,b,0.0,0.0
4364,w,b,1.0,0.0
4365,w,b,1.0,0.0
4366,b,b,1.0,0.0
4367,b,b,1.0,0.0
4368,w,b,1.0,0.0
4369,w,b,1.0,1.0
4370,b,b,1.0,0.0
4371,b,b,1.0,0.0
4372,w,b,0.0,0.0
4373,b,b,0.0,0.0
4374,w,b,0.0,0.0
4375,b,b,0.0,0.0
4376,b,b,0.0,0.0
4377,b,b,0.0,0.0
4378,w,b,0.0,0.0
4379,w,b,0.0,0.0
4380,w,b,0.0,0.0
4381,b,b,0.0,0.0
4382,b,b,0.0,0.0
4383,w,b,0.0,0.0
4384,w,b,0.0,0.0
4385,w,b,0.0,0.0
4386,b,b,0.0,0.0
4387,b,b,0.0,0.0
4388,w,b,1.0,0.0
4389,b,b,1.0,0.0
4390,w,b,1.0,0.0
4391,b,b,1.0,0.0
4392,w,b,0.0,0.0
4393,w,b,0.0,0.0
4394,b,b,0.0,0.0
4395,b,b,0.0,0.0
4396,b,b,0.0,0.0
4397,w,b,0.0,0.0
4398,w,b,0.0,0.0
4399,b,b,0.0,0.0
4400,w,b,1.0,1.0
4401,b,b,1.0,1.0
4402,w,b,1.0,0.0
4403,b,b,1.0,1.0
4404,w,b,1.0,0.0
4405,b,b,1.0,0.0
4406,w,b,1.0,0.0
4407,b,b,1.0,0.0
4408,b,c,0.0,1.0
4409,w,c,0.0,1.0
4410,b,c,0.0,0.0
4411,w,c,0.0,1.0
4412,b,c,0.0,0.0
4413,w,c,0.0,0.0
4414,w,c,0.0,0.0
4415,b,c,0.0,0.0
4416,w,c,0.0,0.0
4417,b,c,0.0,0.0
4418,w,c,1.0,0.0
4419,w,c,1.0,0.0
4420,b,c,1.0,0.0
4421,b,c,1.0,0.0
4422,w,c,1.0,0.0
4423,b,c,1.0,0.0
4424,w,c,1.0,0.0
4425,b,c,1.0,0.0
4426,w,c,0.0,0.0
4427,b,c,0.0,1.0
4428,w,c,0.0,0.0
4429,b,c,0.0,0.0
4430,w,c,0.0,0.0
4431,b,c,0.0,0.0
4432,w,c,0.0,0.0
4433,w,c,0.0,0.0
4434,b,c,0.0,0.0
4435,b,c,0.0,0.0
4436,b,c,0.0,0.0
4437,w,c,0.0,0.0
4438,b,c,0.0,0.0
4439,w,c,0.0,0.0
4440,b,c,0.0,0.0
4441,w,c,0.0,0.0
4442,w,c,0.0,0.0
4443,b,c,0.0,0.0
4444,w,c,1.0,0.0
4445,b,c,1.0,0.0
4446,b,c,1.0,0.0
4447,w,c,1.0,0.0
4448,b,c,0.0,0.0
4449,w,c,0.0,0.0
4450,w,c,0.0,0.0
4451,w,c,0.0,0.0
4452,b,c,0.0,0.0
4453,b,c,0.0,0.0
4454,b,c,0.0,0.0
4455,w,c,0.0,0.0
4456,w,c,0.0,0.0
4457,b,c,0.0,0.0
4458,w,c,0.0,0.0
4459,w,c,1.0,0.0
4460,b,c,0.0,0.0
4461,b,c,1.0,0.0
4462,b,c,0.0,0.0
4463,w,c,0.0,0.0
4464,b,c,0.0,0.0
4465,w,c,0.0,0.0
4466,w,c,0.0,0.0
4467,b,c,0.0,0.0
4468,w,c,1.0,0.0
4469,b,c,1.0,0.0
4470,w,c,1.0,0.0
4471,w,c,1.0,0.0
4472,b,c,1.0,0.0
4473,b,c,1.0,0.0
4474,w,c,1.0,1.0
4475,b,c,1.0,0.0
4476,w,b,0.0,0.0
4477,b,b,0.0,0.0
4478,w,b,0.0,0.0
4479,b,b,0.0,0.0
4480,w,c,1.0,0.0
4481,w,c,0.0,0.0
4482,b,c,0.0,0.0
4483,w,c,1.0,0.0
4484,b,c,1.0,0.0
4485,b,c,1.0,0.0
4486,b,c,1.0,0.0
4487,w,c,1.0,0.0
4488,w,c,1.0,0.0
4489,w,c,0.0,0.0
4490,b,c,0.0,0.0
4491,b,c,1.0,0.0
4492,b,c,0.0,0.0
4493,w,c,0.0,0.0
4494,b,c,0.0,0.0
4495,w,c,0.0,0.0
4496,b,c,0.0,0.0
4497,w,c,0.0,0.0
4498,b,c,0.0,0.0
4499,b,c,0.0,0.0
4500,w,c,0.0,0.0
4501,w,c,0.0,0.0
4502,w,c,1.0,0.0
4503,w,c,1.0,0.0
4504,b,c,1.0,0.0
4505,b,c,1.0,0.0
4506,w,c,1.0,0.0
4507,b,c,1.0,0.0
4508,w,c,1.0,0.0
4509,b,c,1.0,0.0
4510,w,c,0.0,0.0
4511,b,c,1.0,0.0
4512,b,c,0.0,0.0
4513,w,c,1.0,0.0
4514,w,c,0.0,0.0
4515,b,c,0.0,0.0
4516,w,c,0.0,0.0
4517,w,c,0.0,0.0
4518,b,c,0.0,0.0
4519,b,c,0.0,0.0
4520,b,c,0.0,0.0
4521,w,c,0.0,0.0
4522,w,c,0.0,0.0
4523,b,c,0.0,0.0
4524,w,c,0.0,0.0
4525,b,c,0.0,0.0
4526,w,c,1.0,0.0
4527,b,c,1.0,0.0
4528,w,c,1.0,0.0
4529,b,c,1.0,0.0
4530,b,c,1.0,0.0
4531,w,c,1.0,0.0
4532,w,c,1.0,0.0
4533,b,c,1.0,0.0
4534,w,c,0.0,0.0
4535,w,c,0.0,0.0
4536,b,c,0.0,0.0
4537,b,c,0.0,0.0
4538,b,c,0.0,0.0
4539,w,c,0.0,0.0
4540,w,c,1.0,0.0
4541,b,c,1.0,0.0
4542,w,c,0.0,0.0
4543,w,c,0.0,0.0
4544,b,c,0.0,0.0
4545,b,c,0.0,0.0
4546,w,c,1.0,0.0
4547,b,c,0.0,0.0
4548,w,c,0.0,0.0
4549,b,c,1.0,0.0
4550,b,c,0.0,0.0
4551,w,c,0.0,0.0
4552,w,c,0.0,0.0
4553,w,c,0.0,0.0
4554,w,c,0.0,0.0
4555,b,c,0.0,0.0
4556,b,c,0.0,0.0
4557,b,c,0.0,0.0
4558,w,c,0.0,1.0
4559,w,c,0.0,0.0
4560,b,c,0.0,0.0
4561,b,c,0.0,1.0
4562,w,b,1.0,0.0
4563,w,b,0.0,0.0
4564,w,b,0.0,0.0
4565,w,b,1.0,0.0
4566,w,b,0.0,0.0
4567,w,b,1.0,0.0
4568,b,b,1.0,0.0
4569,b,b,1.0,0.0
4570,w,b,0.0,0.0
4571,b,b,1.0,0.0
4572,b,b,1.0,0.0
4573,b,b,0.0,0.0
4574,w,b,0.0,0.0
4575,w,b,1.0,0.0
4576,b,b,1.0,0.0
4577,w,b,1.0,0.0
4578,w,b,0.0,0.0
4579,b,b,1.0,0.0
4580,b,b,0.0,0.0
4581,w,b,1.0,0.0
4582,w,b,1.0,0.0
4583,w,b,0.0,0.0
4584,b,b,0.0,0.0
4585,b,b,0.0,0.0
4586,w,b,0.0,0.0
4587,w,b,1.0,0.0
4588,b,b,0.0,0.0
4589,b,b,0.0,0.0
4590,b,b,0.0,0.0
4591,b,b,1.0,0.0
4592,b,b,0.0,0.0
4593,b,b,1.0,0.0
4594,w,b,0.0,0.0
4595,w,b,0.0,0.0
4596,b,b,0.0,0.0
4597,b,b,0.0,0.0
4598,b,b,1.0,0.0
4599,w,b,1.0,0.0
4600,b,b,1.0,0.0
4601,w,b,1.0,0.0
4602,w,b,1.0,0.0
4603,b,b,1.0,1.0
4604,w,b,1.0,0.0
4605,b,b,1.0,0.0
4606,w,b,0.0,0.0
4607,b,b,0.0,0.0
4608,b,b,0.0,0.0
4609,w,b,0.0,0.0
4610,w,b,0.0,0.0
4611,w,b,0.0,1.0
4612,b,b,0.0,0.0
4613,b,b,0.0,0.0
4614,w,b,1.0,0.0
4615,b,b,1.0,0.0
4616,w,b,1.0,0.0
4617,b,b,1.0,0.0
4618,w,b,0.0,0.0
4619,w,b,0.0,0.0
4620,b,b,0.0,0.0
4621,b,b,0.0,0.0
4622,w,b,0.0,0.0
4623,b,b,0.0,0.0
4624,w,b,0.0,0.0
4625,b,b,0.0,0.0
4626,w,b,0.0,0.0
4627,b,b,0.0,0.0
4628,b,b,0.0,0.0
4629,w,b,0.0,0.0
4630,b,b,0.0,0.0
4631,w,b,0.0,0.0
4632,b,b,0.0,0.0
4633,w,b,0.0,0.0
4634,w,b,0.0,0.0
4635,b,b,0.0,0.0
4636,b,b,0.0,0.0
4637,w,b,0.0,0.0
4638,b,c,0.0,0.0
4639,b,c,0.0,0.0
4640,w,c,0.0,0.0
4641,w,c,0.0,0.0
4642,w,c,0.0,0.0
4643,w,c,0.0,0.0
4644,b,c,0.0,0.0
4645,b,c,0.0,0.0
4646,w,c,0.0,0.0
4647,b,c,0.0,0.0
4648,b,c,0.0,0.0
4649,w,c,0.0,0.0
4650,w,c,0.0,0.0
4651,b,c,0.0,0.0
4652,w,c,0.0,0.0
4653,b,c,0.0,0.0
4654,w,c,0.0,0.0
4655,b,c,0.0,0.0
4656,w,c,0.0,0.0
4657,b,c,0.0,0.0
4658,b,c,0.0,0.0
4659,b,c,0.0,0.0
4660,w,c,0.0,0.0
4661,w,c,0.0,0.0
4662,w,c,1.0,0.0
4663,w,c,1.0,0.0
4664,w,c,1.0,0.0
4665,b,c,1.0,0.0
4666,b,c,1.0,0.0
4667,b,c,1.0,0.0
4668,b,c,0.0,0.0
4669,w,c,0.0,0.0
4670,b,c,0.0,0.0
4671,w,c,0.0,0.0
4672,b,c,1.0,0.0
4673,w,c,1.0,0.0
4674,w,c,1.0,0.0
4675,b,c,1.0,0.0
4676,w,c,0.0,0.0
4677,b,c,0.0,1.0
4678,b,c,0.0,1.0
4679,w,c,0.0,0.0
4680,w,c,0.0,0.0
4681,w,c,0.0,0.0
4682,b,c,0.0,0.0
4683,b,c,0.0,0.0
4684,b,c,0.0,0.0
4685,w,c,0.0,0.0
4686,w,c,0.0,0.0
4687,w,c,0.0,0.0
4688,b,c,0.0,0.0
4689,b,c,0.0,0.0
4690,b,c,0.0,0.0
4691,w,c,0.0,0.0
4692,b,c,0.0,0.0
4693,w,c,0.0,0.0
4694,w,c,1.0,0.0
4695,b,c,1.0,0.0
4696,w,c,1.0,0.0
4697,b,c,1.0,0.0
4698,b,c,1.0,0.0
4699,w,c,1.0,1.0
4700,b,c,1.0,0.0
4701,w,c,1.0,1.0
4702,b,c,0.0,0.0
4703,w,c,0.0,1.0
4704,w,c,0.0,0.0
4705,b,c,0.0,1.0
4706,w,c,0.0,0.0
4707,w,c,0.0,0.0
4708,b,c,0.0,0.0
4709,b,c,0.0,0.0
4710,b,c,1.0,0.0
4711,w,c,1.0,0.0
4712,b,c,1.0,0.0
4713,w,c,1.0,0.0
4714,w,b,0.0,0.0
4715,w,b,0.0,0.0
4716,b,b,0.0,0.0
4717,b,b,0.0,0.0
4718,b,c,1.0,0.0
4719,w,c,0.0,0.0
4720,w,c,1.0,0.0
4721,w,c,1.0,0.0
4722,b,c,0.0,0.0
4723,b,c,1.0,0.0
4724,b,c,0.0,0.0
4725,w,c,0.0,1.0
4726,w,c,0.0,0.0
4727,w,c,0.0,0.0
4728,b,c,0.0,1.0
4729,b,c,0.0,0.0
4730,b,c,1.0,0.0
4731,w,c,1.0,0.0
4732,w,c,1.0,0.0
4733,b,c,1.0,0.0
4734,w,c,0.0,0.0
4735,b,c,0.0,1.0
4736,w,c,0.0,1.0
4737,b,c,0.0,1.0
4738,b,c,0.0,0.0
4739,w,c,0.0,1.0
4740,b,c,0.0,0.0
4741,w,c,0.0,0.0
4742,w,c,0.0,0.0
4743,b,c,0.0,0.0
4744,w,c,0.0,0.0
4745,w,c,0.0,0.0
4746,b,c,0.0,0.0
4747,w,c,0.0,0.0
4748,b,c,0.0,0.0
4749,b,c,0.0,0.0
4750,w,c,0.0,0.0
4751,b,c,0.0,0.0
4752,w,c,0.0,0.0
4753,b,c,0.0,0.0
4754,w,c,0.0,0.0
4755,w,c,0.0,0.0
4756,w,c,0.0,0.0
4757,b,c,0.0,1.0
4758,b,c,0.0,0.0
4759,b,c,0.0,0.0
4760,b,c,1.0,0.0
4761,w,c,1.0,0.0
4762,w,c,1.0,0.0
4763,b,c,1.0,0.0
4764,w,c,0.0,0.0
4765,b,c,0.0,0.0
4766,w,c,0.0,0.0
4767,w,c,0.0,0.0
4768,b,c,0.0,0.0
4769,b,c,0.0,0.0
4770,w,c,0.0,0.0
4771,b,c,0.0,0.0
4772,w,c,0.0,0.0
4773,b,c,0.0,0.0
4774,b,c,0.0,0.0
4775,w,c,0.0,0.0
4776,w,c,0.0,0.0
4777,b,c,0.0,0.0
4778,w,c,1.0,0.0
4779,w,c,0.0,0.0
4780,b,c,0.0,0.0
4781,b,c,1.0,0.0
4782,w,c,0.0,1.0
4783,b,c,0.0,1.0
4784,w,c,0.0,0.0
4785,w,c,0.0,0.0
4786,b,c,0.0,0.0
4787,b,c,0.0,0.0
4788,w,c,0.0,1.0
4789,b,c,0.0,0.0
4790,w,c,0.0,0.0
4791,w,c,0.0,0.0
4792,b,c,0.0,0.0
4793,b,c,0.0,0.0
4794,w,b,0.0,0.0
4795,b,b,0.0,0.0
4796,b,b,0.0,0.0
4797,w,b,1.0,0.0
4798,w,b,0.0,0.0
4799,w,b,0.0,0.0
4800,b,b,0.0,0.0
4801,b,b,1.0,0.0
4802,w,b,0.0,0.0
4803,w,b,0.0,0.0
4804,b,b,0.0,0.0
4805,b,b,1.0,0.0
4806,b,b,1.0,0.0
4807,b,b,0.0,0.0
4808,b,b,0.0,0.0
4809,w,b,0.0,0.0
4810,w,b,1.0,0.0
4811,w,b,0.0,0.0
4812,b,b,0.0,0.0
4813,w,b,0.0,0.0
4814,w,b,0.0,0.0
4815,b,b,0.0,0.0
4816,w,b,1.0,0.0
4817,w,b,0.0,0.0
4818,b,b,1.0,0.0
4819,w,b,1.0,0.0
4820,b,b,0.0,0.0
4821,b,b,0.0,0.0
4822,w,b,0.0,0.0
4823,b,b,0.0,0.0
4824,w,b,0.0,0.0
4825,b,b,0.0,0.0
4826,w,b,0.0,1.0
4827,b,b,0.0,0.0
4828,b,b,0.0,0.0
4829,w,b,0.0,1.0
4830,w,b,0.0,0.0
4831,w,b,0.0,0.0
4832,b,b,0.0,0.0
4833,b,b,0.0,0.0
4834,w,b,0.0,0.0
4835,b,b,0.0,0.0
4836,w,b,0.0,0.0
4837,b,b,0.0,0.0
4838,w,b,1.0,0.0
4839,w,b,1.0,0.0
4840,b,b,1.0,0.0
4841,b,b,1.0,0.0
4842,b,b,0.0,0.0
4843,w,b,0.0,1.0
4844,b,b,0.0,0.0
4845,w,b,0.0,0.0
4846,w,b,0.0,1.0
4847,w,b,0.0,1.0
4848,b,b,0.0,1.0
4849,b,b,0.0,0.0
4850,b,b,0.0,0.0
4851,w,b,0.0,0.0
4852,w,b,0.0,0.0
4853,b,b,0.0,0.0
4854,w,b,0.0,0.0
4855,w,b,0.0,0.0
4856,b,b,0.0,0.0
4857,b,b,0.0,0.0
4858,b,b,0.0,0.0
4859,b,b,0.0,1.0
4860,w,b,0.0,0.0
4861,w,b,0.0,1.0
4862,w,b,0.0,0.0
4863,w,b,0.0,0.0
4864,b,b,0.0,0.0
4865,b,b,0.0,0.0
4866,b,b,0.0,0.0
4867,w,b,0.0,0.0
4868,b,b,0.0,0.0
4869,w,b,0.0,0.0
